chrom	chromStart	chromEnd	name	score	strand	thickStart	thickEnd	itemRgb	blockCount	blockSizes	blockStarts	transcript_id	region_length	extension_length	strand_cds	gene_name	cds_frame	cds_start_pos	matched_frame_score	max_frame_score	start_region_score	window_max_score	phylop_mean	extension_frame	genome_coords
1	23793717	23794732	ENST00000374501	507	+	23793717	23794732	0	6	35,71,74,102,174,51	0,142,345,506,709,964	ENST00000374501	1015	12	+	LYPLA2	0	23793729	16.902750253677368	16.902750253677368	16.902750253677368		7.056916477779548	1	1:23793717-23793729
1	77535861	77558670	ENST00000478255	246	+	77535861	77558670	0	2	177,69	0,22740	ENST00000478255	22809	12	+	AK5	0	77535873	25.30625009536743	25.30625009536743	25.30625009536743		5.838666550815105	1	1:77535861-77535873
1	158076153	158095120	ENST00000360089	1872	+	158076153	158095120	0	12	109,150,106,149,128,127,101,199,108,140,78,477	0,1837,11601,11852,12173,13348,13564,15204,17185,17469,18159,18490	ENST00000360089	18967	90	+	KIRREL1	0	158076243	24.97679987748464	24.97679987748464	24.138199615478516	30.951899909973143	5.850455650107728	1	1:158076153-158076243
1	169111407	169131555	ENST00000686702	777	+	169111407	169131555	0	5	91,156,185,81,264	0,13476,15816,18602,19884	ENST00000686702	20148	33	+	ATP1B1	0	169111440	20.623000036586415	20.623000036586415	15.46200008392334	21.375400042533876	6.580636352300644	1	1:169111407-169111440
1	169111407	169131555	ENST00000685155	777	+	169111407	169131555	0	5	91,156,185,81,264	0,13476,15816,18602,19884	ENST00000685155	20148	33	+	ATP1B1	0	169111440	20.623000036586415	20.623000036586415	15.46200008392334	21.375400042533876	6.580636352300644	1	1:169111407-169111440
1	169111407	169131555	ENST00000685792	777	+	169111407	169131555	0	5	91,156,185,81,264	0,13476,15816,18602,19884	ENST00000685792	20148	33	+	ATP1B1	0	169111440	20.623000036586415	20.623000036586415	15.46200008392334	21.375400042533876	6.580636352300644	1	1:169111407-169111440
1	169111407	169131555	ENST00000691753	777	+	169111407	169131555	0	5	91,156,185,81,264	0,13476,15816,18602,19884	ENST00000691753	20148	33	+	ATP1B1	0	169111440	20.623000036586415	20.623000036586415	15.46200008392334	21.375400042533876	6.580636352300644	1	1:169111407-169111440
1	169111407	169131555	ENST00000494797	777	+	169111407	169131555	0	5	91,156,185,81,264	0,13476,15816,18602,19884	ENST00000494797	20148	33	+	ATP1B1	0	169111440	20.623000036586415	20.623000036586415	15.46200008392334	21.375400042533876	6.580636352300644	1	1:169111407-169111440
1	203863677	203869932	ENST00000367208	183	+	203863677	203869932	0	3	48,79,56	0,1363,6199	ENST00000367208	6255	24	+	SNRPE	0	203863701	19.073625087738037	19.073625087738037	24.166600227355957		7.334666658192873	1	1:203863677-203863701
1	206384046	206406598	ENST00000419187	921	+	206384046	206406598	0	6	30,216,129,222,102,222	0,8642,9498,17377,21202,22330	ENST00000419187	22552	3	+	SRGAP2	0	206384049	11.588000297546387	11.588000297546387	11.588000297546387		6.312999884287517	1	1:206384046-206384049
1	15941968	15947072	ENST00000537142	2178	-	15941968	15947072	0	13	284,90,210,131,121,117,88,301,143,266,126,163,138	0,362,560,1095,1430,1630,1839,2331,2728,2968,3746,4185,4966	ENST00000537142	5104	12	-	ZBTB17	0	15947060	23.736916542053223	23.736916542053223	23.736916542053223		5.755250076452891	1	1:15941968-15947060
1	36137202	36140148	ENST00000617904	483	-	36137202	36140148	0	4	120,183,100,80	0,593,2517,2866	ENST00000617904	2946	78	-	TRAPPC3	0	36140070	18.76873075045072	18.76873075045072	10.89020004272461	23.261200046539308	6.019307633432058	1	1:36137202-36140070
1	94897741	94903467	ENST00000545882	876	-	94897741	94903467	0	6	342,147,117,138,67,65	0,1629,3927,4379,5380,5661	ENST00000545882	5726	9	-	CNN3	0	94903458	34.116332054138184	34.116332054138184	34.116332054138184		6.144777774810791	1	1:94897741-94903458
1	112526012	112598076	ENST00000369669	1212	-	112526012	112598076	0	11	99,140,93,151,103,73,115,98,155,79,106	0,15938,24588,29855,50973,52332,55979,56362,57959,65512,71958	ENST00000369669	72064	33	-	ST7L	0	112598043	14.329272898760708	14.329272898760708	15.696000385284425	14.729000210762024	6.418939354744825	1	1:112526012-112598043
1	146156152	146189379	ENST00000686973	753	-	146156152	146189379	0	4	77,336,260,80	0,327,8598,33147	ENST00000686973	33227	42	-	NOTCH2NLA	0	146189337	16.415356857436045	16.415356857436045	13.121399641036987	18.346599817276	4.8600237653369	1	1:146156152-146189337
1	150733045	150757932	ENST00000680664	822	-	150733045	150757932	0	6	100,103,166,228,150,75	0,14731,16960,18735,21955,24812	ENST00000680664	24887	3	-	CTSS	0	150757929	23.167999267578125	23.167999267578125	23.167999267578125		4.893999993801117	1	1:150733045-150757929
1	169921675	170055372	ENST00000367765	2283	-	169921675	170055372	0	19	106,100,190,86,99,126,166,113,109,101,163,179,99,125,100,142,56,155,68	0,32335,39370,50837,56409,60296,61026,61594,62906,70479,94786,102742,110210,112696,113778,116614,117557,125036,133629	ENST00000367765	133697	24	-	KIFAP3	0	170055348	11.520000129938126	11.520000129938126	9.724799966812133		7.052999967709184	1	1:169921675-170055348
1	209788419	209796516	ENST00000542854	1194	-	209788419	209796516	0	6	225,119,393,159,129,169	0,1247,2075,3849,6870,7928	ENST00000542854	8097	75	-	IRF6	0	209796441	19.176440074443818	19.176440074443818	21.784200763702394	23.070599842071534	6.206586627165477	1	1:209788419-209796441
1	243126448	243156345	ENST00000481987	999	-	243126448	243156345	0	7	290,52,94,89,171,178,125	0,1800,2911,9694,13488,15837,29772	ENST00000481987	29897	36	-	CEP170	0	243156309	13.954749802748362	13.954749802748362	2.0667999267578123	16.750799775123596	5.710666690125233	1	1:243126448-243156309
1	243126448	243156345	ENST00000490813	918	-	243126448	243156345	0	7	290,52,94,89,171,97,125	0,1800,2911,9694,13488,15918,29772	ENST00000490813	29897	36	-	CEP170	0	243156309	13.954749802748362	13.954749802748362	2.0667999267578123	16.750799775123596	5.710666690125233	1	1:243126448-243156309
10	11869659	11870406	ENST00000379200	747	+	11869659	11870406	0	1	747	0	ENST00000379200	747	27	+	PROSER2	0	11869686	49.61366695827908	49.61366695827908	39.78220138549805		2.304925926581577	1	10:11869659-11869686
10	58361344	58368765	ENST00000615793	381	+	58361344	58368765	0	5	57,78,106,94,46	0,2264,3426,6578,7375	ENST00000615793	7421	51	+	UBE2D1	0	58361395	29.128117523941338	29.128117523941338	43.53479976654053	37.34779958724975	6.263666624824206	1	10:58361344-58361395
10	67891401	67916593	ENST00000432464	1455	+	67891401	67916593	0	6	153,148,80,187,558,329	0,15388,16644,17854,21072,24863	ENST00000432464	25192	96	+	SIRT1	0	67891497	13.957812597975135	13.957812597975135	18.1302001953125	20.559200179576873	6.907083302013537	1	10:67891401-67891497
10	89305980	89307375	ENST00000680381	1395	+	89305980	89307375	0	1	1395	0	ENST00000680381	1395	48	+	IFIT2	0	89306028	10.455874748528004	10.455874748528004	13.45399980545044	17.908799993991853	2.4891250024860105	1	10:89305980-89306028
10	89305980	89307375	ENST00000679734	1395	+	89305980	89307375	0	1	1395	0	ENST00000679734	1395	48	+	IFIT2	0	89306028	10.455874748528004	10.455874748528004	13.45399980545044	17.908799993991853	2.4891250024860105	1	10:89305980-89306028
10	89305980	89307375	ENST00000679755	1395	+	89305980	89307375	0	1	1395	0	ENST00000679755	1395	48	+	IFIT2	0	89306028	10.455874748528004	10.455874748528004	13.45399980545044	17.908799993991853	2.4891250024860105	1	10:89305980-89306028
10	104275257	104299284	ENST00000369707	666	+	104275257	104299284	0	5	77,223,102,107,157	0,2636,4112,22320,23870	ENST00000369707	24027	18	+	GSTO2	0	104275275	10.88016668955485	10.88016668955485	11.151600074768066		4.036111139588886	1	10:104275257-104275275
10	133380063	133389065	ENST00000670407	732	+	133380063	133389065	0	3	422,200,110	0,1396,8892	ENST00000670407	9002	141	+	ENSG00000254536	0	133380204	12.2308722125723	12.2308722125723	20.19140019416809	22.61150007247925	2.901765961147158	1	10:133380063-133380204
10	133380063	133391455	ENST00000468317	1290	+	133380063	133391455	0	6	422,200,253,113,158,144	0,1396,3896,8892,9526,11248	ENST00000468317	11392	141	+	ENSG00000254536	0	133380204	12.2308722125723	12.2308722125723	20.19140019416809	22.61150007247925	2.901765961147158	1	10:133380063-133380204
10	22537200	22591667	ENST00000323883	810	-	22537200	22591667	0	8	81,104,244,114,39,42,147,39	0,2770,4603,13458,30650,31812,36110,54428	ENST00000323883	54467	9	-	PIP4K2A	0	22591658	49.67800076802572	49.67800076802572	49.67800076802572		5.511222319470511	1	10:22537200-22591658
10	133355369	133357244	ENST00000368551	369	-	133355369	133357244	0	5	67,74,99,71,58	0,368,1270,1573,1817	ENST00000368551	1875	39	-	FUOM	0	133357205	12.582538311298077	12.582538311298077	12.578800010681153	16.43909978866577	2.3025128168579285	1	10:133355369-133357205
11	57791493	57816308	ENST00000526357	2874	+	57791493	57816308	0	18	180,72,153,536,464,184,118,154,69,128,151,193,115,88,63,107,87,12	0,2516,4083,4963,10239,12127,13169,14388,15421,16671,16896,17780,18615,19905,22817,23900,24421,24803	ENST00000526357	24815	147	+	CTNND1	0	57791640	12.68520413734475	12.68520413734475	9.197200083732605	21.372600150108337	8.219789144133223	1	11:57791493-57791640
11	57791493	57816308	ENST00000528621	2787	+	57791493	57816308	0	17	180,72,153,536,464,184,118,154,69,128,151,193,115,88,63,107,12	0,2516,4083,4963,10239,12127,13169,14388,15421,16671,16896,17780,18615,19905,22817,23900,24803	ENST00000528621	24815	147	+	CTNND1	0	57791640	12.68520413734475	12.68520413734475	9.197200083732605	21.372600150108337	8.219789144133223	1	11:57791493-57791640
11	57791493	57816308	ENST00000529526	2787	+	57791493	57816308	0	17	180,72,153,536,464,184,118,154,69,128,151,193,115,88,63,107,12	0,2516,4083,4963,10239,12127,13169,14388,15421,16671,16896,17780,18615,19905,22817,23900,24803	ENST00000529526	24815	147	+	CTNND1	0	57791640	12.68520413734475	12.68520413734475	9.197200083732605	21.372600150108337	8.219789144133223	1	11:57791493-57791640
11	57791493	57816308	ENST00000529873	2811	+	57791493	57816308	0	17	180,72,153,536,464,184,118,154,69,128,151,193,115,88,107,87,12	0,2516,4083,4963,10239,12127,13169,14388,15421,16671,16896,17780,18615,19905,23900,24421,24803	ENST00000529873	24815	147	+	CTNND1	0	57791640	12.68520413734475	12.68520413734475	9.197200083732605	21.372600150108337	8.219789144133223	1	11:57791493-57791640
11	57791493	57816308	ENST00000530748	2805	+	57791493	57816308	0	18	180,72,153,536,464,184,118,154,18,69,128,151,193,115,88,63,107,12	0,2516,4083,4963,10239,12127,13169,14388,14967,15421,16671,16896,17780,18615,19905,22817,23900,24803	ENST00000530748	24815	147	+	CTNND1	0	57791640	12.68520413734475	12.68520413734475	9.197200083732605	21.372600150108337	8.219789144133223	1	11:57791493-57791640
11	57791493	57816308	ENST00000532649	2787	+	57791493	57816308	0	17	180,72,153,536,464,184,118,154,69,128,151,193,115,88,63,107,12	0,2516,4083,4963,10239,12127,13169,14388,15421,16671,16896,17780,18615,19905,22817,23900,24803	ENST00000532649	24815	147	+	CTNND1	0	57791640	12.68520413734475	12.68520413734475	9.197200083732605	21.372600150108337	8.219789144133223	1	11:57791493-57791640
11	57791493	57816308	ENST00000532844	2892	+	57791493	57816308	0	19	180,72,153,536,464,184,118,154,18,69,128,151,193,115,88,63,107,87,12	0,2516,4083,4963,10239,12127,13169,14388,14967,15421,16671,16896,17780,18615,19905,22817,23900,24421,24803	ENST00000532844	24815	147	+	CTNND1	0	57791640	12.68520413734475	12.68520413734475	9.197200083732605	21.372600150108337	8.219789144133223	1	11:57791493-57791640
11	75165786	75204580	ENST00000532236	1845	+	75165786	75204580	0	11	163,234,99,191,103,358,166,164,65,121,181	0,3386,3879,6592,22349,27431,30727,34437,37114,37520,38613	ENST00000532236	38794	63	+	SLCO2B1	0	75165849	32.46057123513449	32.46057123513449	16.559800112247466	50.42819967269897	5.363984080548915	1	11:75165786-75165849
11	75165786	75204580	ENST00000454962	1512	+	75165786	75204580	0	9	163,191,103,358,166,164,65,121,181	0,6592,22349,27431,30727,34437,37114,37520,38613	ENST00000454962	38794	63	+	SLCO2B1	0	75165849	32.46057123513449	32.46057123513449	16.559800112247466	50.42819967269897	5.363984080548915	1	11:75165786-75165849
11	76926564	77011356	ENST00000679924	354	+	76926564	77011356	0	6	103,53,53,82,36,27	0,32414,49724,59078,63974,84765	ENST00000679924	84792	15	+	ACER3	0	76926579	12.799399852752686	12.799399852752686	12.799399852752686		6.989066751797994	1	11:76926564-76926579
11	86276997	86278525	ENST00000527888	342	+	86276997	86278525	0	3	141,74,127	0,920,1401	ENST00000527888	1528	21	+	EED	0	86277018	10.022286006382533	10.022286006382533	9.483200311660767		8.427857106640225	1	11:86276997-86277018
11	72838790	72989094	ENST00000458644	1905	-	72838790	72989094	0	16	84,83,130,221,178,84,135,162,105,117,72,96,123,129,55,131	0,2086,2663,3830,4360,4658,10964,29074,48679,51038,61466,63752,83037,145297,146271,150173	ENST00000458644	150304	90	-	FCHSD2	0	72989004	10.261699970563253	10.261699970563253	12.312000179290772	13.216399931907654	6.9377444518316125	1	11:72838790-72989004
11	78436669	78478671	ENST00000695352	573	-	78436669	78478671	0	6	145,98,138,67,38,87	0,6991,29206,32577,41768,41915	ENST00000695352	42002	18	-	NARS2	0	78478653	24.706999619801838	24.706999619801838	24.921799659729004		4.410999925186236	1	11:78436669-78478653
11	125893784	125895789	ENST00000613398	1068	-	125893784	125895789	0	2	502,566	0,1439	ENST00000613398	2005	246	-	PUS3	0	125895543	11.757597514768927	11.757597514768927	-4.921799874305725	33.11640005111694	4.466443062511962	1	11:125893784-125895543
12	57694764	57720909	ENST00000700668	1827	+	57694764	57720909	0	14	162,64,77,99,211,102,101,52,89,276,190,165,113,126	0,1015,1197,1510,20995,21327,21647,21928,23105,23381,24228,25334,25641,26019	ENST00000700668	26145	135	+	OS9	0	57694899	20.365488911958206	20.365488911958206	18.022800350189208	29.880299854278565	5.843748184619471	1	12:57694764-57694899
12	122620503	122626228	ENST00000534995	456	+	122620503	122626228	0	5	105,90,146,91,24	0,1377,1958,4094,5701	ENST00000534995	5725	63	+	KNTC1	0	122620566	31.66585701987857	31.66585701987857	14.127199649810791	42.07209978103638	3.7451428305616394	1	12:122620503-122620566
12	49185009	49186761	ENST00000547939	1281	-	49185009	49186761	0	3	981,149,151	0,1300,1601	ENST00000547939	1752	30	-	TUBA1A	0	49186731	19.57740020751953	19.57740020751953	17.983000373840333	19.57740020751953	4.772399958471457	1	12:49185009-49186731
12	49185009	49186761	ENST00000550767	1281	-	49185009	49186761	0	3	981,149,151	0,1300,1601	ENST00000550767	1752	30	-	TUBA1A	0	49186731	19.57740020751953	19.57740020751953	17.983000373840333	19.57740020751953	4.772399958471457	1	12:49185009-49186731
12	49870503	49901319	ENST00000550890	930	-	49870503	49901319	0	11	150,54,96,88,38,40,51,54,65,104,190	0,16882,18603,18977,19613,20179,20560,26527,27015,27483,30626	ENST00000550890	30816	117	-	FAIM2	0	49901202	18.812871812245785	18.812871812245785	20.057799911499025	27.29560022354126	4.585572650640184	1	12:49870503-49901202
12	56207306	56210496	ENST00000547967	444	-	56207306	56210496	0	4	4,104,136,200	0,339,856,2990	ENST00000547967	3190	51	-	RNF41	0	56210445	26.170000188490924	26.170000188490924	17.684999847412108	33.442300415039064	7.169784268035608	1	12:56207306-56210445
12	56206446	56210496	ENST00000394013	792	-	56206446	56210496	0	4	352,104,136,200	0,1199,1716,3850	ENST00000394013	4050	51	-	RNF41	0	56210445	26.170000188490924	26.170000188490924	17.684999847412108	33.442300415039064	7.169784268035608	1	12:56206446-56210445
13	72729013	72755216	ENST00000652266	1500	+	72729013	72755216	0	10	80,46,82,66,57,227,133,611,132,66	0,5946,8948,14523,15491,15967,16930,17487,24676,26137	ENST00000652266	26203	30	+	BORA	0	72729043	10.754266826311747	10.754266826311747	15.28633352915446	10.754266826311747	5.999166705707709	1	13:72729013-72729043
13	48490110	48515726	ENST00000544904	1599	-	48490110	48515726	0	11	141,131,140,127,191,143,108,159,167,151,141	0,6080,9510,11631,12613,20518,21659,21905,22618,25094,25475	ENST00000544904	25616	15	-	RCBTB2	0	48515711	15.63219985961914	15.63219985961914	15.63219985961914		4.438399931788444	1	13:48490110-48515711
13	51365751	51395459	ENST00000497989	2211	-	51365751	51395459	0	14	94,94,372,232,143,127,216,111,95,133,153,155,126,160	0,2053,3187,8456,8902,10296,12487,13710,16277,17577,17837,21634,23567,29548	ENST00000497989	29708	81	-	INTS6	0	51395378	15.104592597043073	15.104592597043073	19.024199867248534	21.28050012588501	6.938814833484314	1	13:51365751-51395378
13	102766400	102769493	ENST00000376019	621	-	102766400	102769493	0	4	180,206,52,183	0,872,1859,2910	ENST00000376019	3093	60	-	TEX30	0	102769433	10.266349950432778	10.266349950432778	21.21259970664978	16.12879984974861	5.639966665208339	1	13:102766400-102769433
14	23322183	23325286	ENST00000556821	567	+	23322183	23325286	0	6	112,68,107,88,152,40	0,815,1193,1781,1954,3063	ENST00000556821	3103	30	+	PABPN1	0	23322213	12.251100087165833	12.251100087165833	5.455199956893921	12.251100087165833	7.125833267221848	1	14:23322183-23322213
14	23322183	23324299	ENST00000557702	537	+	23322183	23324299	0	5	112,68,107,88,162	0,815,1193,1781,1954	ENST00000557702	2116	30	+	PABPN1	0	23322213	12.251100087165833	12.251100087165833	5.455199956893921	12.251100087165833	7.125833267221848	1	14:23322183-23322213
14	64214196	64225526	ENST00000458046	1710	+	64214196	64225526	0	11	274,69,140,115,203,201,171,192,87,50,208	0,1089,2051,4201,5011,6240,7337,8992,10264,10799,11122	ENST00000458046	11330	39	+	SYNE2	0	64214235	22.69899999178373	22.69899999178373	17.501200103759764	24.75910005569458	5.648076943289011	1	14:64214196-64214235
14	75279891	75281424	ENST00000555686	987	+	75279891	75281424	0	3	237,108,642	0,668,891	ENST00000555686	1533	186	+	FOS	0	75280077	21.857903230574824	21.857903230574824	19.156399655342103	30.786100244522096	4.863709678572367	1	14:75279891-75280077
14	96502574	96565050	ENST00000392990	2193	+	96502574	96565050	0	21	26,174,67,82,110,54,112,90,139,73,121,85,54,120,110,122,143,101,239,75,96	0,17480,18431,22735,24855,25378,28900,29756,29936,31916,33304,34401,39668,40199,41574,45222,49905,53272,53600,60244,62380	ENST00000392990	62476	18	+	PAPOLA	0	96502592	14.267222033606636	14.267222033606636	15.731666501363119		6.174944389197561	1	14:96502574-96502592
14	23026088	23033605	ENST00000425762	525	-	23026088	23033605	0	2	287,238	0,7279	ENST00000425762	7517	42	-	PSMB5	0	23033563	22.78585716656276	22.78585716656276	12.779599952697755	27.285500001907348	6.1833570929732	1	14:23026088-23033563
15	42409938	42411773	ENST00000673743	408	+	42409938	42411773	0	6	57,69,79,117,59,27	0,489,649,945,1348,1808	ENST00000673743	1835	39	+	CAPN3	0	42409977	25.580153098473183	25.580153098473183	14.191999816894532	31.350899028778077	5.897512781314361	1	15:42409938-42409977
15	51377454	51404754	ENST00000396399	1287	+	51377454	51404754	0	9	46,18,108,147,129,84,126,151,478	0,5981,6330,17380,20015,22737,22918,24138,26822	ENST00000396399	27300	3	+	GLDN	0	51377457	20.099000930786133	20.099000930786133	20.099000930786133		6.933333237965901	1	15:51377454-51377457
15	26547792	26772771	ENST00000638099	1341	-	26547792	26772771	0	8	342,245,153,138,83,221,68,91	0,13139,19788,32526,35539,73521,224609,224888	ENST00000638099	224979	18	-	GABRB3	0	26772753	16.713666399319965	16.713666399319965	14.420799779891968		6.025055615438355	1	15:26547792-26772753
15	34233880	34336599	ENST00000458406	3372	-	34233880	34336599	0	25	92,134,185,108,132,170,196,169,105,120,99,119,175,58,99,159,215,242,131,55,147,132,95,45,190	0,1300,2134,2827,3538,4351,5084,6780,7352,8221,10093,11404,11812,16417,16750,17018,18289,20467,21381,22348,23761,24932,27045,41464,102529	ENST00000458406	102719	96	-	SLC12A6	0	34336503	25.43471864797175	25.43471864797175	44.168800354003906	33.14989992380142	6.235885431213926	1	15:34233880-34336503
15	34236772	34336599	ENST00000559523	2925	-	34236772	34336599	0	22	43,161,170,196,169,105,120,99,119,175,58,99,159,215,242,131,55,147,132,95,45,190	0,617,1459,2192,3888,4460,5329,7201,8512,8920,13525,13858,14126,15397,17575,18489,19456,20869,22040,24153,38572,99637	ENST00000559523	99827	96	-	SLC12A6	0	34336503	25.43471864797175	25.43471864797175	44.168800354003906	33.14989992380142	6.235885431213926	1	15:34236772-34336503
15	34233880	34336599	ENST00000397702	3372	-	34233880	34336599	0	25	92,134,185,108,132,170,196,169,105,120,99,119,175,58,99,159,215,242,131,55,147,132,95,45,190	0,1300,2134,2827,3538,4351,5084,6780,7352,8221,10093,11404,11812,16417,16750,17018,18289,20467,21381,22348,23761,24932,27045,41464,102529	ENST00000397702	102719	96	-	SLC12A6	0	34336503	25.43471864797175	25.43471864797175	44.168800354003906	33.14989992380142	6.235885431213926	1	15:34233880-34336503
16	399018	400342	ENST00000397722	444	+	399018	400342	0	4	105,102,113,124	0,360,608,1200	ENST00000397722	1324	90	+	NME4	0	399108	24.901166725158692	24.901166725158692	28.182600021362305	35.2189001083374	4.210644457820389	1	16:399018-399108
16	399018	400342	ENST00000450036	444	+	399018	400342	0	4	105,102,113,124	0,360,608,1200	ENST00000450036	1324	90	+	NME4	0	399108	24.901166725158692	24.901166725158692	28.182600021362305	35.2189001083374	4.210644457820389	1	16:399018-399108
16	2029581	2037984	ENST00000563587	801	+	2029581	2037984	0	6	201,180,154,44,63,159	0,6742,7146,7373,7956,8244	ENST00000563587	8403	105	+	NHERF2	0	2029686	20.359142902919224	20.359142902919224	20.26439971923828	25.009999990463257	5.032733314271484	1	16:2029581-2029686
16	3021255	3021826	ENST00000573001	255	+	3021255	3021826	0	3	64,135,56	0,299,515	ENST00000573001	571	12	+	TNFRSF12A	0	3021267	19.414250135421753	19.414250135421753	19.414250135421753		7.207916640986999	1	16:3021255-3021267
16	3025713	3027657	ENST00000574549	981	+	3025713	3027657	0	12	110,65,104,38,49,72,103,50,63,111,135,81	0,210,349,537,651,802,965,1153,1297,1456,1652,1863	ENST00000574549	1944	27	+	THOC6	0	3025740	24.23111089070638	24.23111089070638	21.509600257873537		4.822777740381382	1	16:3025713-3025740
16	3025713	3027657	ENST00000575576	981	+	3025713	3027657	0	12	110,65,104,38,49,72,103,50,63,111,135,81	0,210,349,537,651,802,965,1153,1297,1456,1652,1863	ENST00000575576	1944	27	+	THOC6	0	3025740	24.23111089070638	24.23111089070638	21.509600257873537		4.822777740381382	1	16:3025713-3025740
16	29796957	29805310	ENST00000690258	1863	+	29796957	29805310	0	13	131,128,155,210,231,154,136,169,160,68,213,60,48	0,1416,1635,2017,2306,2670,2955,5811,6491,7040,7856,8157,8305	ENST00000690258	8353	69	+	KIF22	0	29797026	17.118086970370747	17.118086970370747	25.38459978103638	27.507899618148805	3.5304202959953765	1	16:29796957-29797026
16	29796957	29805310	ENST00000400751	1863	+	29796957	29805310	0	13	131,128,155,210,231,154,136,169,160,68,213,60,48	0,1416,1635,2017,2306,2670,2955,5811,6491,7040,7856,8157,8305	ENST00000400751	8353	69	+	KIF22	0	29797026	17.118086970370747	17.118086970370747	25.38459978103638	27.507899618148805	3.5304202959953765	1	16:29796957-29797026
16	68324715	68351485	ENST00000692283	1344	+	68324715	68351485	0	11	117,109,113,242,181,128,136,84,48,90,96	0,4350,12743,14606,15072,20959,21429,22495,22915,23626,26674	ENST00000692283	26770	72	+	PRMT7	0	68324787	18.55995840827624	18.55995840827624	12.85840015411377	29.412300205230714	5.473222243910034	1	16:68324715-68324787
16	68324715	68351485	ENST00000686053	1344	+	68324715	68351485	0	11	117,109,113,242,181,128,136,84,48,90,96	0,4350,12743,14606,15072,20959,21429,22495,22915,23626,26674	ENST00000686053	26770	72	+	PRMT7	0	68324787	18.55995840827624	18.55995840827624	12.85840015411377	29.412300205230714	5.473222243910034	1	16:68324715-68324787
16	77191479	77193648	ENST00000564006	366	+	77191479	77193648	0	2	154,212	0,1957	ENST00000564006	2169	6	+	MON1B	0	77191485	12.231499671936035	12.231499671936035	12.231499671936035		6.354166666666667	1	16:77191479-77191485
16	77191479	77198308	ENST00000248248	1650	+	77191479	77198308	0	5	154,327,820,148,201	0,1971,2855,4055,6628	ENST00000248248	6829	6	+	MON1B	0	77191485	12.231499671936035	12.231499671936035	12.231499671936035		6.354166666666667	1	16:77191479-77191485
16	77191479	77198308	ENST00000439557	1323	+	77191479	77198308	0	4	154,820,148,201	0,2855,4055,6628	ENST00000439557	6829	6	+	MON1B	0	77191485	12.231499671936035	12.231499671936035	12.231499671936035		6.354166666666667	1	16:77191479-77191485
16	854531	893069	ENST00000543238	1038	-	854531	893069	0	7	175,113,184,154,181,168,63	0,14412,15351,16197,16629,25038,38475	ENST00000543238	38538	45	-	LMF1	0	893024	12.796933682759603	12.796933682759603	4.014000511169433	17.188400268554688	4.9986444327566355	1	16:854531-893024
16	30116667	30123128	ENST00000395200	942	-	30116667	30123128	0	7	123,110,132,115,190,183,89	0,226,486,1002,1681,5156,6372	ENST00000395200	6461	6	-	MAPK3	0	30123122	12.903499603271484	12.903499603271484	12.903499603271484		3.8766666452089944	1	16:30116667-30123122
16	69710975	69718523	ENST00000564043	807	-	69710975	69718523	0	5	306,102,114,131,154	0,2052,3988,7147,7394	ENST00000564043	7548	45	-	NQO1	0	69718478	22.34360016187032	22.34360016187032	7.59180006980896	30.026200246810912	4.243355524871085	1	16:69710975-69718478
16	71733057	71746679	ENST00000564155	831	-	71733057	71746679	0	7	102,99,161,108,127,142,92	0,1551,5884,6176,12086,12415,13530	ENST00000564155	13622	87	-	AP1G1	0	71746592	12.27734478588762	12.27734478588762	26.036399841308594	16.139399909973143	7.034838979785469	1	16:71733057-71746592
17	55267782	55320879	ENST00000573945	741	+	55267782	55320879	0	3	304,221,216	0,47444,52881	ENST00000573945	53097	108	+	HLF	0	55267890	19.098138723108505	19.098138723108505	16.87460036277771	29.480599641799927	6.634898120054492	1	17:55267782-55267890
17	76729692	76733411	ENST00000589977	459	+	76729692	76733411	0	3	102,238,119	0,3285,3600	ENST00000589977	3719	18	+	METTL23	0	76729710	20.13183339436849	20.13183339436849	19.011199951171875		3.651444481478797	1	17:76729692-76729710
17	76732989	76733411	ENST00000591571	345	+	76732989	76733411	0	2	226,119	0,303	ENST00000591571	422	105	+	METTL23	0	76733094	17.97291455609458	17.97291455609458	19.085000228881835	25.022500038146973	3.761247588782793	1	17:76732989-76733094
17	76732989	76733686	ENST00000588822	477	+	76732989	76733686	0	3	226,85,166	0,303,531	ENST00000588822	697	105	+	METTL23	0	76733094	17.97291455609458	17.97291455609458	19.085000228881835	25.022500038146973	3.761247588782793	1	17:76732989-76733094
17	80545575	80707863	ENST00000574767	342	+	80545575	80707863	0	3	216,103,23	0,80115,162265	ENST00000574767	162288	54	+	RPTOR	0	80545629	25.036222139994305	25.036222139994305	16.55580015182495	32.19249973297119	4.388518518319836	1	17:80545575-80545629
17	80545575	80964330	ENST00000306801	4062	+	80545575	80964330	0	34	216,103,83,159,147,176,60,101,145,76,102,84,111,75,66,192,141,118,141,159,119,104,184,111,106,115,125,105,107,128,87,117,130,69	0,80115,98152,162265,184984,208434,245874,276625,277503,292346,300897,309888,312214,334839,337843,338205,339432,346144,347153,348131,363235,377148,377914,379794,394920,400091,401651,403867,412048,414502,415818,416885,417352,418686	ENST00000306801	418755	54	+	RPTOR	0	80545629	25.036222139994305	25.036222139994305	16.55580015182495	32.19249973297119	4.388518518319836	1	17:80545575-80545629
17	80545575	80823227	ENST00000570891	1194	+	80545575	80823227	0	9	216,103,83,159,147,176,60,101,149	0,80115,98152,162265,184984,208434,245874,276625,277503	ENST00000570891	277652	54	+	RPTOR	0	80545629	25.036222139994305	25.036222139994305	16.55580015182495	32.19249973297119	4.388518518319836	1	17:80545575-80545629
17	80545575	80964330	ENST00000544334	3588	+	80545575	80964330	0	30	216,103,83,159,147,176,60,101,145,76,102,84,111,118,141,159,119,104,184,111,106,115,125,105,107,128,87,117,130,69	0,80115,98152,162265,184984,208434,245874,276625,277503,292346,300897,309888,312214,346144,347153,348131,363235,377148,377914,379794,394920,400091,401651,403867,412048,414502,415818,416885,417352,418686	ENST00000544334	418755	54	+	RPTOR	0	80545629	25.036222139994305	25.036222139994305	16.55580015182495	32.19249973297119	4.388518518319836	1	17:80545575-80545629
17	7856730	7857453	ENST00000333775	552	-	7856730	7857453	0	2	113,439	0,284	ENST00000333775	723	30	-	NAA38	0	7857423	21.1858003338178	21.1858003338178	22.86806717713674	21.1858003338178	4.943000036757439	1	17:7856730-7857423
17	42679552	42680563	ENST00000591765	1011	-	42679552	42680563	0	1	1011	0	ENST00000591765	1011	588	-	CCR10	0	42679975	18.123699013828016	18.123699013828016	9.711600160598755	33.74180030822754	3.8386479568888263	1	17:42679552-42679975
17	49600377	49622816	ENST00000504102	1131	-	49600377	49622816	0	9	145,143,123,56,178,128,152,122,84	0,1487,6872,7496,10902,18603,18856,21568,22355	ENST00000504102	22439	6	-	SPOP	0	49622810	21.10716684659322	21.10716684659322	21.10716684659322		9.448333422342936	1	17:49600377-49622810
17	49600377	49622816	ENST00000393328	1131	-	49600377	49622816	0	9	145,143,123,56,178,128,152,122,84	0,1487,6872,7496,10902,18603,18856,21568,22355	ENST00000393328	22439	6	-	SPOP	0	49622810	21.10716684659322	21.10716684659322	21.10716684659322		9.448333422342936	1	17:49600377-49622810
17	49600377	49622816	ENST00000347630	1131	-	49600377	49622816	0	9	145,143,123,56,178,128,152,122,84	0,1487,6872,7496,10902,18603,18856,21568,22355	ENST00000347630	22439	6	-	SPOP	0	49622810	21.10716684659322	21.10716684659322	21.10716684659322		9.448333422342936	1	17:49600377-49622810
17	49600377	49622816	ENST00000665825	1131	-	49600377	49622816	0	9	145,143,123,56,178,128,152,122,84	0,1487,6872,7496,10902,18603,18856,21568,22355	ENST00000665825	22439	6	-	SPOP	0	49622810	21.10716684659322	21.10716684659322	21.10716684659322		9.448333422342936	1	17:49600377-49622810
17	49600377	49622816	ENST00000514121	1131	-	49600377	49622816	0	9	145,143,123,56,178,128,152,122,84	0,1487,6872,7496,10902,18603,18856,21568,22355	ENST00000514121	22439	6	-	SPOP	0	49622810	21.10716684659322	21.10716684659322	21.10716684659322		9.448333422342936	1	17:49600377-49622810
17	49618545	49622816	ENST00000659760	504	-	49618545	49622816	0	5	18,128,152,122,84	0,435,688,3400,4187	ENST00000659760	4271	6	-	SPOP	0	49622810	21.10716684659322	21.10716684659322	21.10716684659322		9.448333422342936	1	17:49618545-49622810
17	49600377	49622816	ENST00000509079	1131	-	49600377	49622816	0	9	145,143,123,56,178,128,152,122,84	0,1487,6872,7496,10902,18603,18856,21568,22355	ENST00000509079	22439	6	-	SPOP	0	49622810	21.10716684659322	21.10716684659322	21.10716684659322		9.448333422342936	1	17:49600377-49622810
17	49620669	49622816	ENST00000671445	207	-	49620669	49622816	0	3	1,122,84	0,1276,2063	ENST00000671445	2147	6	-	SPOP	0	49622810	21.10716684659322	21.10716684659322	21.10716684659322		9.448333422342936	1	17:49620669-49622810
17	49620669	49622816	ENST00000513080	207	-	49620669	49622816	0	3	1,122,84	0,1276,2063	ENST00000513080	2147	6	-	SPOP	0	49622810	21.10716684659322	21.10716684659322	21.10716684659322		9.448333422342936	1	17:49620669-49622810
17	49600377	49622816	ENST00000503676	1131	-	49600377	49622816	0	9	145,143,123,56,178,128,152,122,84	0,1487,6872,7496,10902,18603,18856,21568,22355	ENST00000503676	22439	6	-	SPOP	0	49622810	21.10716684659322	21.10716684659322	21.10716684659322		9.448333422342936	1	17:49600377-49622810
17	49622226	49622816	ENST00000506399	141	-	49622226	49622816	0	2	57,84	0,506	ENST00000506399	590	6	-	SPOP	0	49622810	21.10716684659322	21.10716684659322	21.10716684659322		9.448333422342936	1	17:49622226-49622810
17	49622226	49622816	ENST00000504212	141	-	49622226	49622816	0	2	57,84	0,506	ENST00000504212	590	6	-	SPOP	0	49622810	21.10716684659322	21.10716684659322	21.10716684659322		9.448333422342936	1	17:49622226-49622810
17	63832937	63842524	ENST00000698022	1467	-	63832937	63842524	0	13	54,102,123,136,98,162,123,96,156,123,43,185,66	0,131,360,649,971,1229,1536,1767,2474,3984,4257,4503,9521	ENST00000698022	9587	33	-	SMARCD2	0	63842491	11.41918187719685	11.41918187719685	12.888400183524936	12.560700064897537	5.0166363779906975	1	17:63832937-63842491
17	75131002	75131275	ENST00000578337	198	-	75131002	75131275	0	2	103,95	0,178	ENST00000578337	273	78	-	NT5C	0	75131197	13.59330773124328	13.59330773124328	9.465200233459473	21.2764000415802	3.6971794859004707	1	17:75131002-75131197
18	6837219	6912154	ENST00000419673	1842	+	6837219	6912154	0	16	195,93,90,85,143,166,92,78,163,83,198,114,57,125,65,95	0,13814,22588,30930,33370,36189,36464,38911,44917,49937,52668,53210,57615,59282,71740,74840	ENST00000419673	74935	129	+	ARHGAP28	0	6837348	30.47409301580385	30.47409301580385	25.658600330352783	45.68899974822998	4.948224812977074	1	18:6837219-6837348
18	6837219	6912154	ENST00000531294	1827	+	6837219	6912154	0	16	195,82,86,85,143,166,92,78,163,83,198,114,57,125,65,95	0,13814,22592,30930,33370,36189,36464,38911,44917,49937,52668,53210,57615,59282,71740,74840	ENST00000531294	74935	129	+	ARHGAP28	0	6837348	30.47409301580385	30.47409301580385	25.658600330352783	45.68899974822998	4.948224812977074	1	18:6837219-6837348
18	6837219	6912154	ENST00000314319	1842	+	6837219	6912154	0	16	195,93,90,85,143,166,92,78,163,83,198,114,57,125,65,95	0,13814,22588,30930,33370,36189,36464,38911,44917,49937,52668,53210,57615,59282,71740,74840	ENST00000314319	74935	129	+	ARHGAP28	0	6837348	30.47409301580385	30.47409301580385	25.658600330352783	45.68899974822998	4.948224812977074	1	18:6837219-6837348
18	6837219	6859845	ENST00000584287	303	+	6837219	6859845	0	3	195,93,15	0,13814,22611	ENST00000584287	22626	129	+	ARHGAP28	0	6837348	30.47409301580385	30.47409301580385	25.658600330352783	45.68899974822998	4.948224812977074	1	18:6837219-6837348
18	6837219	6859845	ENST00000577524	303	+	6837219	6859845	0	3	195,93,15	0,13814,22611	ENST00000577524	22626	129	+	ARHGAP28	0	6837348	30.47409301580385	30.47409301580385	25.658600330352783	45.68899974822998	4.948224812977074	1	18:6837219-6837348
18	12421542	12429403	ENST00000587735	315	+	12421542	12429403	0	4	87,71,103,54	0,5498,5678,7807	ENST00000587735	7861	66	+	PRELID3A	0	12421608	12.09481818838553	12.09481818838553	10.914199829101562	15.978400182723998	4.818742436032291	1	18:12421542-12421608
18	34820808	34866161	ENST00000683876	639	+	34820808	34866161	0	7	107,84,88,98,114,97,51	0,6784,27487,31022,37476,43157,45302	ENST00000683876	45353	60	+	DTNA	0	34820868	23.052750134468077	23.052750134468077	24.73660020828247	28.7139000415802	5.959499998514851	1	18:34820808-34820868
18	21530342	21539988	ENST00000622333	549	-	21530342	21539988	0	4	148,188,144,69	0,2130,5699,9577	ENST00000622333	9646	30	-	ESCO1	0	21539958	12.421599864959717	12.421599864959717	5.977599811553955	12.421599864959717	6.011766698226953	1	18:21530342-21539958
19	46608258	46609153	ENST00000598871	354	+	46608258	46609153	0	4	82,107,136,29	0,223,587,866	ENST00000598871	895	12	+	CALM3	0	46608270	40.72024869918823	40.72024869918823	40.72024869918823		5.833333546916644	1	19:46608258-46608270
19	48627705	48629773	ENST00000340932	1440	+	48627705	48629773	0	4	136,95,116,1093	0,269,456,975	ENST00000340932	2068	93	+	SPHK2	0	48627798	21.013128868995175	21.013128868995175	45.01779918670654	34.363599514961244	3.9313870865491127	1	19:48627705-48627798
19	281387	288166	ENST00000269812	810	-	281387	288166	0	5	150,177,58,278,147	0,746,1364,6086,6632	ENST00000269812	6779	111	-	PLPP2	0	288055	21.729810827487224	21.729810827487224	9.92559986114502	31.672900199890137	4.011072052785338	1	19:281387-288055
19	5692031	5720143	ENST00000585374	2682	-	5692031	5720143	0	19	177,165,218,166,141,117,123,88,179,139,221,84,130,62,232,120,89,130,101	0,1266,1520,2355,2729,4022,4217,4638,6995,8757,13740,15028,15665,16310,19739,21102,22151,27672,28011	ENST00000585374	28112	353	-	LONP1	0	5719790	12.441430605335883	12.441430605335883	21.06800022125244	27.366400051116944	2.2549660133683354	3	19:5692031-5719790
19	14515939	14516167	ENST00000677848	228	-	14515939	14516167	0	1	228	0	ENST00000677848	228	81	-	DNAJB1	0	14516086	21.57359293655113	21.57359293655113	14.09640007019043	24.52260046005249	5.667493807128918	1	19:14515939-14516086
19	14515939	14516167	ENST00000678338	228	-	14515939	14516167	0	1	228	0	ENST00000678338	228	81	-	DNAJB1	0	14516086	21.57359293655113	21.57359293655113	14.09640007019043	24.52260046005249	5.667493807128918	1	19:14515939-14516086
19	16402305	16434490	ENST00000602009	1434	-	16402305	16434490	0	10	180,198,162,73,86,157,158,234,60,126	0,1427,2282,11467,15246,15642,19013,22777,26396,32059	ENST00000602009	32185	90	-	EPS15L1	0	16434400	27.9060333887736	27.9060333887736	20.494799613952637	33.93260021209717	5.256677739617104	1	19:16402305-16434400
19	18878925	18893572	ENST00000542296	762	-	18878925	18893572	0	5	114,148,162,181,157	0,315,1348,5161,14490	ENST00000542296	14647	42	-	CERS1	0	18893530	17.252071444477355	17.252071444477355	20.41200008392334	19.51099995970726	4.695547610565665	1	19:18878925-18893530
19	38305351	38309623	ENST00000392124	867	-	38305351	38309623	0	7	156,94,156,58,79,105,219	0,2076,2245,3440,3627,3872,4053	ENST00000392124	4272	15	-	YIF1B	0	38309608	11.47559962272644	11.47559962272644	11.47559962272644		2.362333302696546	1	19:38305351-38309608
19	38305351	38309623	ENST00000592246	762	-	38305351	38309623	0	6	156,94,156,58,79,219	0,2076,2245,3440,3627,4053	ENST00000592246	4272	15	-	YIF1B	0	38309608	11.47559962272644	11.47559962272644	11.47559962272644		2.362333302696546	1	19:38305351-38309608
19	38305351	38309623	ENST00000591784	867	-	38305351	38309623	0	7	156,94,156,58,79,105,219	0,2076,2245,3440,3627,3872,4053	ENST00000591784	4272	15	-	YIF1B	0	38309608	11.47559962272644	11.47559962272644	11.47559962272644		2.362333302696546	1	19:38305351-38309608
19	40321881	40336339	ENST00000392035	1071	-	40321881	40336339	0	7	495,71,153,138,79,115,20	0,2124,4452,6531,11969,14228,14438	ENST00000392035	14458	3	-	C19orf47	0	40336336	22.058000564575195	22.058000564575195	22.058000564575195		6.370333174864451	1	19:40321881-40336336
19	41966936	41988505	ENST00000602133	2979	-	41966936	41988505	0	22	29,92,102,131,146,124,155,169,151,137,176,193,135,110,199,269,118,135,114,204,60,30	0,312,725,1848,2498,3248,3451,8692,9479,10999,11214,11669,14565,14785,14971,17981,18369,18927,19179,20999,21381,21539	ENST00000602133	21569	27	-	ATP1A3	0	41988478	24.48022184107039	24.48022184107039	31.035399627685546		4.46425927678744	1	19:41966936-41988478
2	28776876	28799303	ENST00000703172	906	+	28776876	28799303	0	7	106,231,105,72,152,135,105	0,1932,4861,7030,11781,16986,22322	ENST00000703172	22427	6	+	PPP1CB	0	28776882	16.552500247955322	16.552500247955322	16.552500247955322		6.714166700839996	1	2:28776876-28776882
2	28776876	28778445	ENST00000703177	201	+	28776876	28778445	0	2	106,95	0,1474	ENST00000703177	1569	6	+	PPP1CB	0	28776882	16.552500247955322	16.552500247955322	16.552500247955322		6.714166700839996	1	2:28776876-28776882
2	47790948	47806860	ENST00000652107	3801	+	47790948	47806860	0	9	175,170,2545,266,118,90,155,200,82	0,4945,7662,12471,13961,14669,15255,15503,15830	ENST00000652107	15912	15	+	MSH6	0	47790963	17.965200233459473	17.965200233459473	17.965200233459473		7.667066735153397	1	2:47790948-47790963
2	73239660	73252861	ENST00000539919	1608	+	73239660	73252861	0	11	136,107,126,53,172,165,189,98,133,207,222	0,776,3343,4336,4883,8101,9330,10158,10645,11565,12979	ENST00000539919	13201	108	+	CCT7	0	73239768	22.97369439072079	22.97369439072079	15.263200092315675	32.868300151824954	6.381379640962997	1	2:73239660-73239768
2	113916909	113957455	ENST00000535589	1131	+	113916909	113957455	0	10	99,111,96,108,144,174,93,126,84,96	0,10435,14391,17369,23049,25276,34569,34810,38713,40450	ENST00000535589	40546	27	+	ACTR3	0	113916936	13.45833322736952	13.45833322736952	11.884599876403808		6.814666703895286	1	2:113916909-113916936
2	152735058	152759840	ENST00000690727	162	+	152735058	152759840	0	2	68,94	0,24688	ENST00000690727	24782	30	+	ARL6IP6	0	152735088	17.246299839019777	17.246299839019777	22.92559986114502	17.246299839019777	6.7699667096138	1	2:152735058-152735088
2	152735058	152759840	ENST00000689155	162	+	152735058	152759840	0	2	68,94	0,24688	ENST00000689155	24782	30	+	ARL6IP6	0	152735088	17.246299839019777	17.246299839019777	22.92559986114502	17.246299839019777	6.7699667096138	1	2:152735058-152735088
2	152735058	152759840	ENST00000688012	162	+	152735058	152759840	0	2	68,94	0,24688	ENST00000688012	24782	30	+	ARL6IP6	0	152735088	17.246299839019777	17.246299839019777	22.92559986114502	17.246299839019777	6.7699667096138	1	2:152735058-152735088
2	219461931	219466064	ENST00000396689	399	+	219461931	219466064	0	4	126,89,176,8	0,366,2501,4125	ENST00000396689	4133	57	+	SPEG	0	219461988	14.503000196657682	14.503000196657682	25.30380001068115	26.22170033454895	5.123333315381355	1	2:219461931-219461988
2	33584775	33587284	ENST00000690423	999	-	33584775	33587284	0	4	669,168,117,45	0,754,1786,2464	ENST00000690423	2509	27	-	FAM98A	0	33587257	14.37155584163136	14.37155584163136	13.487800377607346		6.013444461204387	1	2:33584775-33587257
2	38070721	38071300	ENST00000494864	579	-	38070721	38071300	0	1	579	0	ENST00000494864	579	60	-	CYP1B1	0	38071240	32.985200262069704	32.985200262069704	35.28520050048828	39.56380023956299	3.9577166738609475	1	2:38070721-38071240
2	61478819	61526500	ENST00000677803	3069	-	61478819	61526500	0	23	147,97,160,135,169,195,107,184,135,164,157,182,139,198,159,129,120,49,182,45,62,73,81	0,2365,3560,4137,5117,6948,9345,9768,11822,13215,13505,13747,14095,15074,16635,18059,19853,20045,20893,23176,23429,43791,47600	ENST00000677803	47681	69	-	XPO1	0	61526431	11.458782538123753	11.458782538123753	11.570799988508224	18.09979984164238	7.407115866416606	1	2:61478819-61526431
2	97083754	97091709	ENST00000272610	948	-	97083754	97091709	0	7	63,88,109,163,60,217,248	0,193,414,1944,2384,6354,7707	ENST00000272610	7955	3	-	FAHD2B	0	97091706	NaN	NaN	NaN		3.6109999815622964	1	2:97083754-97091706
2	97083754	97091709	ENST00000414820	948	-	97083754	97091709	0	7	63,88,109,163,60,217,248	0,193,414,1944,2384,6354,7707	ENST00000414820	7955	3	-	FAHD2B	0	97091706	NaN	NaN	NaN		3.6109999815622964	1	2:97083754-97091706
2	127639280	127643029	ENST00000410038	624	-	127639280	127643029	0	6	148,76,49,93,151,107	0,789,989,1615,2768,3642	ENST00000410038	3749	54	-	LIMS2	0	127642975	19.384388893842697	19.384388893842697	22.757199668884276	27.419500088691713	4.383518525571735	1	2:127639280-127642975
2	162221696	162242953	ENST00000450031	384	-	162221696	162242953	0	6	16,53,75,95,99,46	0,1911,2769,3786,4826,21211	ENST00000450031	21257	18	-	FAP	0	162242935	13.528000275293985	13.528000275293985	16.621800327301024		4.606111169689232	1	2:162221696-162242935
2	162267199	162318226	ENST00000679938	2850	-	162267199	162318226	0	15	180,91,191,162,150,260,279,124,117,218,211,221,105,169,372	0,279,887,5026,6595,9487,10215,11005,12796,14128,15166,20935,26364,43565,50655	ENST00000679938	51027	84	-	IFIH1	0	162318142	10.659250084776431	10.659250084776431	-0.9301999572664499	23.575100111961365	2.0924166552722454	1	2:162267199-162318142
2	206124184	206147827	ENST00000457011	1839	-	206124184	206147827	0	14	92,73,135,176,155,161,130,129,146,115,135,186,131,75	0,2354,2525,3612,5903,8760,14300,17756,18501,19833,20707,22718,23346,23568	ENST00000457011	23643	3	-	NDUFS1	0	206147824	10.553000450134277	10.553000450134277	10.553000450134277		6.374333222707112	1	2:206124184-206147824
2	219220446	219226924	ENST00000409422	2364	-	219220446	219226924	0	12	6,146,223,118,179,249,180,154,749,142,162,56	0,300,633,1603,1825,2198,3138,3422,3659,4624,4964,6422	ENST00000409422	6478	27	-	ATG9A	0	219226897	14.792777803209093	14.792777803209093	13.487800025939942		7.219073979942887	1	2:219220446-219226897
2	219539382	219542167	ENST00000535926	1992	-	219539382	219542167	0	3	1260,180,552	0,1563,2233	ENST00000535926	2785	150	-	CHPF	0	219542017	27.66267997980118	27.66267997980118	26.812599182128906	41.884800052642824	4.750353393231829	1	2:219539382-219542017
20	33667032	33668235	ENST00000677665	1203	+	33667032	33668235	0	1	1203	0	ENST00000677665	1203	465	+	ACTL10	0	33667497	10.409612930974653	10.409612930974653	-5.325599908828735	26.050900077819826	2.671604311544328	1	20:33667032-33667497
20	58895640	58910829	ENST00000467227	975	+	58895640	58910829	0	11	44,58,120,98,55,74,59,121,131,68,147	0,7887,8031,9742,13521,13709,13880,14043,14310,14693,15042	ENST00000467227	15189	9	+	GNAS	0	58895649	26.038333257039387	26.038333257039387	26.038333257039387		7.794888999727037	1	20:58895640-58895649
20	58895640	58910829	ENST00000481039	975	+	58895640	58910829	0	11	44,58,120,98,55,74,59,121,131,68,147	0,7887,8031,9742,13521,13709,13880,14043,14310,14693,15042	ENST00000481039	15189	9	+	GNAS	0	58895649	26.038333257039387	26.038333257039387	26.038333257039387		7.794888999727037	1	20:58895640-58895649
20	58895640	58910829	ENST00000464788	1017	+	58895640	58910829	0	12	44,45,55,120,98,55,74,59,121,131,68,147	0,3300,7890,8031,9742,13521,13709,13880,14043,14310,14693,15042	ENST00000464788	15189	9	+	GNAS	0	58895649	26.038333257039387	26.038333257039387	26.038333257039387		7.794888999727037	1	20:58895640-58895649
20	58895640	58910829	ENST00000469431	1017	+	58895640	58910829	0	12	44,45,55,120,98,55,74,59,121,131,68,147	0,3300,7890,8031,9742,13521,13709,13880,14043,14310,14693,15042	ENST00000469431	15189	9	+	GNAS	0	58895649	26.038333257039387	26.038333257039387	26.038333257039387		7.794888999727037	1	20:58895640-58895649
20	58895640	58910829	ENST00000480232	1020	+	58895640	58910829	0	12	44,45,58,120,98,55,74,59,121,131,68,147	0,3300,7887,8031,9742,13521,13709,13880,14043,14310,14693,15042	ENST00000480232	15189	9	+	GNAS	0	58895649	26.038333257039387	26.038333257039387	26.038333257039387		7.794888999727037	1	20:58895640-58895649
20	58895640	58910829	ENST00000603546	1017	+	58895640	58910829	0	12	44,45,55,120,98,55,74,59,121,131,68,147	0,3300,7890,8031,9742,13521,13709,13880,14043,14310,14693,15042	ENST00000603546	15189	9	+	GNAS	0	58895649	26.038333257039387	26.038333257039387	26.038333257039387		7.794888999727037	1	20:58895640-58895649
20	63276538	63287873	ENST00000519273	891	+	63276538	63287873	0	9	113,87,97,57,33,57,60,77,310	0,1578,2360,4752,6280,8327,9115,9827,11025	ENST00000519273	11335	9	+	ARFGAP1	0	63276547	43.14833217196994	43.14833217196994	43.14833217196994		3.306888739267985	1	20:63276538-63276547
20	63590088	63604833	ENST00000370069	1455	-	63590088	63604833	0	8	641,123,138,72,158,104,128,91	0,1933,2444,2922,5521,7668,12876,14654	ENST00000370069	14745	15	-	GMEB2	0	63604818	21.021799850463868	21.021799850463868	21.021799850463868		3.3512000034252805	1	20:63590088-63604818
21	29056474	29070315	ENST00000540844	1485	-	29056474	29070315	0	13	78,120,165,72,116,88,67,179,138,62,181,150,69	0,4066,4778,5021,5653,5853,6015,6877,8493,10241,10416,11081,13772	ENST00000540844	13841	57	-	CCT8	0	29070258	28.542561263368842	28.542561263368842	43.70193341573079	37.767300033569335	5.647350886558885	1	21:29056474-29070258
21	34518083	34523587	ENST00000620920	384	-	34518083	34523587	0	3	173,160,51	0,3415,5453	ENST00000620920	5504	30	-	RCAN1	0	34523557	28.351499938964842	28.351499938964842	28.15680046081543	28.351499938964842	4.570666710784038	1	21:34518083-34523557
21	34518083	34523587	ENST00000443408	384	-	34518083	34523587	0	3	173,160,51	0,3415,5453	ENST00000443408	5504	30	-	RCAN1	0	34523557	28.351499938964842	28.351499938964842	28.15680046081543	28.351499938964842	4.570666710784038	1	21:34518083-34523557
21	34518083	34523587	ENST00000482533	384	-	34518083	34523587	0	3	173,160,51	0,3415,5453	ENST00000482533	5504	30	-	RCAN1	0	34523557	28.351499938964842	28.351499938964842	28.15680046081543	28.351499938964842	4.570666710784038	1	21:34518083-34523557
21	34518083	34523587	ENST00000487990	384	-	34518083	34523587	0	3	173,160,51	0,3415,5453	ENST00000487990	5504	30	-	RCAN1	0	34523557	28.351499938964842	28.351499938964842	28.15680046081543	28.351499938964842	4.570666710784038	1	21:34518083-34523557
21	34792134	34887115	ENST00000344691	1365	-	34792134	34887115	0	6	476,162,192,105,157,273	0,7166,42275,67339,88422,94708	ENST00000344691	94981	3	-	RUNX1	0	34887112	10.609000205993652	10.609000205993652	10.609000205993652		7.60533332824707	1	21:34792134-34887112
21	34792134	34887115	ENST00000399240	1173	-	34792134	34887115	0	5	476,162,105,157,273	0,7166,67339,88422,94708	ENST00000399240	94981	3	-	RUNX1	0	34887112	10.609000205993652	10.609000205993652	10.609000205993652		7.60533332824707	1	21:34792134-34887112
21	34821667	34887115	ENST00000358356	756	-	34821667	34887115	0	5	29,192,105,157,273	0,12742,37806,58889,65175	ENST00000358356	65448	3	-	RUNX1	0	34887112	10.609000205993652	10.609000205993652	10.609000205993652		7.60533332824707	1	21:34821667-34887112
22	35317896	35347209	ENST00000447733	1410	+	35317896	35347209	0	14	65,79,150,135,147,117,134,34,94,121,76,60,43,155	0,4062,5131,5599,5871,9374,12450,15084,15507,16431,20816,27828,29033,29158	ENST00000447733	29313	27	+	TOM1	0	35317923	15.190000202920702	15.190000202920702	16.353600597381593		6.795111152860853	1	22:35317896-35317923
22	39312939	39318547	ENST00000401609	1164	-	39312939	39318547	0	9	45,120,96,102,161,187,136,169,148	0,251,694,1167,1746,2429,3766,4521,5460	ENST00000401609	5608	108	-	RPL3	0	39318439	27.83627786901262	27.83627786901262	23.04640007019043	36.064500427246095	5.612592621671933	1	22:39312939-39318439
3	33825252	33835277	ENST00000412887	330	+	33825252	33835277	0	4	88,101,117,24	0,1227,3600,10001	ENST00000412887	10025	42	+	PDCD6IP	0	33825294	15.707571523530143	15.707571523530143	15.409999799728393	16.88740019798279	5.913404807714479	1	3:33825252-33825294
3	41224530	41239342	ENST00000646381	2328	+	41224530	41239342	0	13	223,254,239,202,145,104,339,159,120,151,122,61,209	0,423,803,1129,2677,8810,8998,9608,11193,11818,12057,13485,14603	ENST00000646381	14812	3	+	CTNNB1	0	41224533	36.060001373291016	36.060001373291016	36.060001373291016		5.001666754484177	1	3:41224530-41224533
3	41224530	41239342	ENST00000642836	2328	+	41224530	41239342	0	13	223,254,239,202,145,104,339,159,120,151,122,61,209	0,423,803,1129,2677,8810,8998,9608,11193,11818,12057,13485,14603	ENST00000642836	14812	3	+	CTNNB1	0	41224533	36.060001373291016	36.060001373291016	36.060001373291016		5.001666754484177	1	3:41224530-41224533
3	41224530	41239342	ENST00000642986	2217	+	41224530	41239342	0	14	223,38,105,239,202,145,104,339,159,120,151,122,61,209	0,423,572,803,1129,2677,8810,8998,9608,11193,11818,12057,13485,14603	ENST00000642986	14812	3	+	CTNNB1	0	41224533	36.060001373291016	36.060001373291016	36.060001373291016		5.001666754484177	1	3:41224530-41224533
3	41224530	41239342	ENST00000644678	2328	+	41224530	41239342	0	13	223,254,239,202,145,104,339,159,120,151,122,61,209	0,423,803,1129,2677,8810,8998,9608,11193,11818,12057,13485,14603	ENST00000644678	14812	3	+	CTNNB1	0	41224533	36.060001373291016	36.060001373291016	36.060001373291016		5.001666754484177	1	3:41224530-41224533
3	41224530	41239342	ENST00000453024	2328	+	41224530	41239342	0	13	223,254,239,202,145,104,339,159,120,151,122,61,209	0,423,803,1129,2677,8810,8998,9608,11193,11818,12057,13485,14603	ENST00000453024	14812	3	+	CTNNB1	0	41224533	36.060001373291016	36.060001373291016	36.060001373291016		5.001666754484177	1	3:41224530-41224533
3	41224530	41239342	ENST00000647264	2262	+	41224530	41239342	0	13	223,254,239,202,145,104,339,93,120,151,122,61,209	0,423,803,1129,2677,8810,8998,9674,11193,11818,12057,13485,14603	ENST00000647264	14812	3	+	CTNNB1	0	41224533	36.060001373291016	36.060001373291016	36.060001373291016		5.001666754484177	1	3:41224530-41224533
3	41224530	41239342	ENST00000645900	2328	+	41224530	41239342	0	13	223,254,239,202,145,104,339,159,120,151,122,61,209	0,423,803,1129,2677,8810,8998,9608,11193,11818,12057,13485,14603	ENST00000645900	14812	3	+	CTNNB1	0	41224533	36.060001373291016	36.060001373291016	36.060001373291016		5.001666754484177	1	3:41224530-41224533
3	41224530	41239342	ENST00000646174	2328	+	41224530	41239342	0	13	223,254,239,202,145,104,339,159,120,151,122,61,209	0,423,803,1129,2677,8810,8998,9608,11193,11818,12057,13485,14603	ENST00000646174	14812	3	+	CTNNB1	0	41224533	36.060001373291016	36.060001373291016	36.060001373291016		5.001666754484177	1	3:41224530-41224533
3	41224530	41239342	ENST00000646116	2328	+	41224530	41239342	0	13	223,254,239,202,145,104,339,159,120,151,122,61,209	0,423,803,1129,2677,8810,8998,9608,11193,11818,12057,13485,14603	ENST00000646116	14812	3	+	CTNNB1	0	41224533	36.060001373291016	36.060001373291016	36.060001373291016		5.001666754484177	1	3:41224530-41224533
3	41224530	41239342	ENST00000645493	2328	+	41224530	41239342	0	13	223,254,239,202,145,104,339,159,120,151,122,61,209	0,423,803,1129,2677,8810,8998,9608,11193,11818,12057,13485,14603	ENST00000645493	14812	3	+	CTNNB1	0	41224533	36.060001373291016	36.060001373291016	36.060001373291016		5.001666754484177	1	3:41224530-41224533
3	41224530	41239342	ENST00000644524	2328	+	41224530	41239342	0	13	223,254,239,202,145,104,339,159,120,151,122,61,209	0,423,803,1129,2677,8810,8998,9608,11193,11818,12057,13485,14603	ENST00000644524	14812	3	+	CTNNB1	0	41224533	36.060001373291016	36.060001373291016	36.060001373291016		5.001666754484177	1	3:41224530-41224533
3	45030831	45035924	ENST00000428034	495	+	45030831	45035924	0	2	94,401	0,4692	ENST00000428034	5093	12	+	CLEC3B	0	45030843	14.237250089645386	14.237250089645386	14.237250089645386		2.3143333171804747	1	3:45030831-45030843
3	49022388	49023172	ENST00000326912	435	+	49022388	49023172	0	4	150,67,101,117	0,313,487,667	ENST00000326912	784	51	+	NDUFAF3	0	49022439	16.777706174289477	16.777706174289477	33.84120044708252	25.02770037651062	3.130470633360685	1	3:49022388-49022439
3	49022388	49023172	ENST00000395458	435	+	49022388	49023172	0	4	150,67,101,117	0,313,487,667	ENST00000395458	784	51	+	NDUFAF3	0	49022439	16.777706174289477	16.777706174289477	33.84120044708252	25.02770037651062	3.130470633360685	1	3:49022388-49022439
3	50173794	50188115	ENST00000413852	2151	+	50173794	50188115	0	16	159,63,120,94,120,140,115,70,145,223,89,42,158,68,134,411	0,257,436,2973,8489,8849,9109,9391,9625,10797,11648,11871,12094,12486,12818,13910	ENST00000413852	14321	90	+	SEMA3F	0	50173884	25.041333242257437	25.041333242257437	30.616800117492676	32.10029983520508	5.103477792441845	1	3:50173794-50173884
3	132660477	132676857	ENST00000493720	1194	+	132660477	132676857	0	12	221,46,90,110,87,85,105,128,136,76,107,3	0,5345,5506,8340,9720,10487,11299,11572,14770,15127,15339,16377	ENST00000493720	16380	60	+	UBA5	0	132660537	11.611850076913834	11.611850076913834	26.472200870513916	22.798600172996522	3.0509166753540438	1	3:132660477-132660537
3	132660477	132676526	ENST00000356232	1275	+	132660477	132676526	0	12	221,46,90,110,87,85,105,128,136,76,107,84	0,5345,5506,8340,9720,10487,11299,11572,14770,15127,15339,15965	ENST00000356232	16049	60	+	UBA5	0	132660537	11.611850076913834	11.611850076913834	26.472200870513916	22.798600172996522	3.0509166753540438	1	3:132660477-132660537
3	132660477	132676462	ENST00000473651	1104	+	132660477	132676462	0	11	221,46,90,110,87,85,105,128,136,76,20	0,5345,5506,8340,9720,10487,11299,11572,14770,15127,15965	ENST00000473651	15985	60	+	UBA5	0	132660537	11.611850076913834	11.611850076913834	26.472200870513916	22.798600172996522	3.0509166753540438	1	3:132660477-132660537
3	132660477	132668851	ENST00000505777	255	+	132660477	132668851	0	2	221,34	0,8340	ENST00000505777	8374	60	+	UBA5	0	132660537	11.611850076913834	11.611850076913834	26.472200870513916	22.798600172996522	3.0509166753540438	1	3:132660477-132660537
3	140956539	140966373	ENST00000512023	357	+	140956539	140966373	0	4	152,78,101,26	0,2923,6587,9808	ENST00000512023	9834	96	+	SLC25A36	0	140956635	17.141562342643738	17.141562342643738	9.869800090789795	33.0802996635437	5.706468730757479	1	3:140956539-140956635
3	140956626	140966968	ENST00000512506	279	+	140956626	140966968	0	4	65,78,101,35	0,2836,6500,10307	ENST00000512506	10342	9	+	SLC25A36	0	140956635	10.198999881744385	10.198999881744385	10.198999881744385		4.123333303464784	1	3:140956626-140956635
3	141278346	141293205	ENST00000502783	1359	+	141278346	141293205	0	4	154,127,140,938	0,1031,8967,13921	ENST00000502783	14859	30	+	PXYLP1	0	141278376	19.98760045170784	19.98760045170784	30.844200706481935	19.98760045170784	2.678433335952771	1	3:141278346-141278376
3	10301105	10318094	ENST00000397117	894	-	10301105	10318094	0	8	42,147,124,134,134,152,116,45	0,2920,3927,4453,10859,11473,14215,16944	ENST00000397117	16989	39	-	SEC13	0	10318055	23.471384855417107	23.471384855417107	24.747000312805177	25.633900260925294	6.415666730835651	1	3:10301105-10318055
3	12584513	12612056	ENST00000693312	1734	-	12584513	12612056	0	15	144,135,132,119,47,177,85,118,128,28,154,99,158,103,107	0,333,608,1167,3077,6284,7194,15177,15638,15874,19622,21687,24252,24719,27436	ENST00000693312	27543	12	-	RAF1	0	12612044	34.05425006151199	34.05425006151199	34.05425006151199		5.083083391189575	1	3:12584513-12612044
3	47017092	47124533	ENST00000638947	7593	-	47017092	47124533	0	19	162,102,81,112,140,135,670,184,49,663,120,135,127,98,78,124,129,132,4352	0,545,2667,20573,25468,29394,39728,45070,49977,66627,69102,71020,80862,84365,86253,88904,96783,99530,103089	ENST00000638947	107441	30	-	SETD2	0	47124503	13.266400095820426	13.266400095820426	8.148200035095215	13.266400095820426	6.269566684154173	1	3:47017092-47124503
3	123614104	123620321	ENST00000583087	492	-	123614104	123620321	0	3	245,132,115	0,4534,6102	ENST00000583087	6217	27	-	MYLK	0	123620294	10.146555609173245	10.146555609173245	6.173199987411499		7.507147978853296	1	3:123614104-123620294
3	123614104	123620321	ENST00000687375	489	-	123614104	123620321	0	3	245,129,115	0,4534,6102	ENST00000687375	6217	27	-	MYLK	0	123620294	10.146555609173245	10.146555609173245	6.173199987411499		7.507147978853296	1	3:123614104-123620294
3	126007015	126051041	ENST00000508835	1182	-	126007015	126051041	0	9	210,149,135,80,145,147,145,72,99	0,1716,5599,8478,9715,15770,19319,26591,43927	ENST00000508835	44026	69	-	SLC41A3	0	126050972	20.657826343308326	20.657826343308326	16.24260005950928	29.504500293731688	4.010652226382407	1	3:126007015-126050972
3	126022923	126051041	ENST00000507008	267	-	126022923	126051041	0	4	9,87,72,99	0,3469,10683,28019	ENST00000507008	28118	69	-	SLC41A3	0	126050972	20.657826343308326	20.657826343308326	16.24260005950928	29.504500293731688	4.010652226382407	1	3:126022923-126050972
4	41605914	41697185	ENST00000511496	2775	+	41605914	41697185	0	21	90,196,253,36,127,158,409,216,91,164,106,41,81,93,105,128,122,121,109,103,26	0,7551,13273,33017,38585,40208,40570,44478,55505,56906,60646,65639,70467,74091,75040,76418,78482,79795,83612,86367,91245	ENST00000511496	91271	81	+	LIMCH1	0	41605995	24.989296240939034	24.989296240939034	20.483400052785875	38.26209983825684	4.762666630340211	1	4:41605914-41605995
4	112646370	112657327	ENST00000692416	1527	+	112646370	112657327	0	11	81,84,165,94,351,145,152,122,160,92,81	0,217,420,663,828,1319,3164,4090,6706,7697,10876	ENST00000692416	10957	15	+	LARP7	0	112646385	16.75919990539551	16.75919990539551	16.75919990539551		6.306199949979782	1	4:112646370-112646385
5	31267473	31318034	ENST00000514738	1992	+	31267473	31318034	0	10	228,295,120,168,188,254,137,122,118,362	0,26488,29815,31990,34637,37700,45844,48734,49901,50199	ENST00000514738	50561	165	+	CDH6	0	31267638	11.045199844584038	11.045199844584038	14.75199990272522	20.052099609375	4.777636362702557	1	5:31267473-31267638
5	38451315	38463986	ENST00000506135	486	+	38451315	38463986	0	4	143,84,104,155	0,6995,11592,12516	ENST00000506135	12671	27	+	EGFLAM	0	38451342	21.56022204293145	21.56022204293145	28.012399864196777		5.008481497634892	1	5:38451315-38451342
5	68293107	68297601	ENST00000523872	1149	+	68293107	68297601	0	8	92,181,126,143,177,69,171,190	0,195,601,1428,2040,2312,3063,4304	ENST00000523872	4494	63	+	PIK3R1	0	68293170	27.576190403529576	27.576190403529576	19.12959976196289	35.80249996185303	6.706111125914114	1	5:68293107-68293170
5	68293107	68297601	ENST00000697467	1149	+	68293107	68297601	0	8	92,181,126,143,177,69,171,190	0,195,601,1428,2040,2312,3063,4304	ENST00000697467	4494	63	+	PIK3R1	0	68293170	27.576190403529576	27.576190403529576	19.12959976196289	35.80249996185303	6.706111125914114	1	5:68293107-68293170
5	80040123	80083141	ENST00000511733	2751	+	80040123	80083141	0	21	157,248,109,83,52,203,138,69,153,105,108,160,119,53,194,179,49,197,173,140,62	0,15661,18082,18584,19316,19579,21571,25285,27849,30182,30519,30897,32154,33151,36731,37925,38797,38938,39781,42282,42956	ENST00000511733	43018	138	+	THBS4	0	80040261	19.16452173564745	19.16452173564745	14.309800243377685	22.730299985408784	3.8673406001922768	1	5:80040123-80040261
5	119477436	119541994	ENST00000513628	1842	+	119477436	119541994	0	18	65,188,92,25,129,104,237,52,72,104,66,70,107,87,87,139,128,90	0,1397,11755,14663,16381,19106,21880,24604,29381,31704,37544,47779,48480,49696,52457,53829,58986,64468	ENST00000513628	64558	42	+	HSD17B4	0	119477478	24.570285728999547	24.570285728999547	22.273999977111817	29.889200019836426	5.124523807560936	1	5:119477436-119477478
5	119477436	119487375	ENST00000645702	360	+	119477436	119487375	0	3	65,188,107	0,1397,9832	ENST00000645702	9939	42	+	HSD17B4	0	119477478	24.570285728999547	24.570285728999547	22.273999977111817	29.889200019836426	5.124523807560936	1	5:119477436-119477478
5	119477436	119495735	ENST00000683996	519	+	119477436	119495735	0	6	65,188,92,25,129,20	0,1397,11755,14663,16381,18279	ENST00000683996	18299	42	+	HSD17B4	0	119477478	24.570285728999547	24.570285728999547	22.273999977111817	29.889200019836426	5.124523807560936	1	5:119477436-119477478
5	122799711	122829648	ENST00000514949	1314	+	122799711	122829648	0	13	144,67,44,142,79,76,114,94,206,144,81,72,51	0,2157,2369,3760,8565,16184,17203,17568,19106,26338,27667,27863,29886	ENST00000514949	29937	105	+	SNX2	0	122799816	18.28271429198129	18.28271429198129	16.795399856567382	26.761800265312196	5.5455904777028735	1	5:122799711-122799816
5	126423610	126492956	ENST00000542322	1338	+	126423610	126492956	0	15	79,120,43,112,67,104,96,72,81,112,123,88,105,94,42	0,41815,42683,46066,48627,49654,54081,56845,57016,59852,60791,62075,63262,65188,69304	ENST00000542322	69346	15	+	GRAMD2B	0	126423625	25.071333471934	25.071333471934	25.071333471934		4.50666658927997	1	5:126423610-126423625
5	132257716	132272229	ENST00000253754	1011	+	132257716	132272229	0	7	111,152,82,179,164,118,205	0,4892,8747,13198,13586,14074,14308	ENST00000253754	14513	18	+	PDLIM4	0	132257734	11.981499903731876	11.981499903731876	10.739599951108296		2.0807778077820935	1	5:132257716-132257734
5	132257716	132272095	ENST00000379018	759	+	132257716	132272095	0	6	111,152,82,179,164,71	0,4892,8747,13198,13586,14308	ENST00000379018	14379	18	+	PDLIM4	0	132257734	11.981499903731876	11.981499903731876	10.739599951108296		2.0807778077820935	1	5:132257716-132257734
5	139600374	139626801	ENST00000698321	417	+	139600374	139626801	0	6	61,32,78,106,94,46	0,14211,14322,14486,22993,26381	ENST00000698321	26427	60	+	UBE2D2	0	139600434	11.056799936294556	11.056799936294556	15.18940019607544	19.5464998960495	6.929283310597142	1	5:139600374-139600434
5	153493980	153811225	ENST00000521843	2586	+	153493980	153811225	0	15	85,240,185,54,162,168,105,111,207,371,199,248,115,135,201	0,152947,156349,161838,180519,183013,192244,204063,204886,211716,270453,276187,300640,308375,317044	ENST00000521843	317245	72	+	GRIA1	0	153494052	10.754041808346907	10.754041808346907	3.395200192928314	14.966600108146668	7.1504722572087	1	5:153493980-153494052
5	163441107	163442565	ENST00000512163	594	+	163441107	163442565	0	4	224,79,99,192	0,778,937,1266	ENST00000512163	1458	108	+	CCNG1	0	163441215	19.6023055281904	19.6023055281904	17.811600112915038	31.465500140190123	5.144351869683574	1	5:163441107-163441215
5	163441212	163443703	ENST00000504553	327	+	163441212	163443703	0	4	119,79,99,30	0,673,832,2461	ENST00000504553	2491	3	+	CCNG1	0	163441215	17.965999603271484	17.965999603271484	17.965999603271484		3.887666662534078	1	5:163441212-163441215
5	173944977	173956137	ENST00000657000	897	+	173944977	173956137	0	6	163,90,119,115,182,228	0,4530,4982,6846,8113,10932	ENST00000657000	11160	9	+	CPEB4	0	173944986	18.078333218892414	18.078333218892414	18.078333218892414		5.050777866194646	1	5:173944977-173944986
5	173944977	173956137	ENST00000519467	897	+	173944977	173956137	0	6	163,90,119,115,182,228	0,4530,4982,6846,8113,10932	ENST00000519467	11160	9	+	CPEB4	0	173944986	18.078333218892414	18.078333218892414	18.078333218892414		5.050777866194646	1	5:173944977-173944986
5	889739	891788	ENST00000490814	309	-	889739	891788	0	3	27,133,149	0,1415,1900	ENST00000490814	2049	36	-	BRD9	0	891752	26.674194381882746	26.674194381882746	15.935066778461138	27.67423323740562	5.072333275857899	1	5:889739-891752
5	889739	891788	ENST00000495265	309	-	889739	891788	0	3	27,133,149	0,1415,1900	ENST00000495265	2049	36	-	BRD9	0	891752	26.674194381882746	26.674194381882746	15.935066778461138	27.67423323740562	5.072333275857899	1	5:889739-891752
5	889739	891788	ENST00000489816	309	-	889739	891788	0	3	27,133,149	0,1415,1900	ENST00000489816	2049	36	-	BRD9	0	891752	26.674194381882746	26.674194381882746	15.935066778461138	27.67423323740562	5.072333275857899	1	5:889739-891752
5	864467	891788	ENST00000483173	1671	-	864467	891788	0	15	101,168,103,39,112,133,96,76,133,116,111,140,61,133,149	0,946,6005,7058,11633,13887,15326,16639,19470,22124,22893,24553,25119,26687,27172	ENST00000483173	27321	36	-	BRD9	0	891752	26.674194381882746	26.674194381882746	15.935066778461138	27.67423323740562	5.072333275857899	1	5:864467-891752
5	889739	891788	ENST00000466684	309	-	889739	891788	0	3	27,133,149	0,1415,1900	ENST00000466684	2049	36	-	BRD9	0	891752	26.674194381882746	26.674194381882746	15.935066778461138	27.67423323740562	5.072333275857899	1	5:889739-891752
5	889739	891788	ENST00000487688	309	-	889739	891788	0	3	27,133,149	0,1415,1900	ENST00000487688	2049	36	-	BRD9	0	891752	26.674194381882746	26.674194381882746	15.935066778461138	27.67423323740562	5.072333275857899	1	5:889739-891752
5	16666691	16711245	ENST00000515803	4248	-	16666691	16711245	0	22	102,192,453,121,137,208,298,124,158,195,143,56,94,96,244,124,876,46,234,107,115,125	0,1585,3834,4730,5997,6990,8161,9339,13255,14617,15179,17188,19046,23132,27679,32758,34271,35851,36233,37887,44216,44429	ENST00000515803	44554	54	-	MYO10	0	16711191	31.082055436240303	31.082055436240303	43.74940090179443	45.25159969329834	5.395611094103919	1	5:16666691-16711191
5	16666691	16711245	ENST00000505695	4248	-	16666691	16711245	0	22	102,192,453,121,137,208,298,124,158,195,143,56,94,96,244,124,876,46,234,107,115,125	0,1585,3834,4730,5997,6990,8161,9339,13255,14617,15179,17188,19046,23132,27679,32758,34271,35851,36233,37887,44216,44429	ENST00000505695	44554	54	-	MYO10	0	16711191	31.082055436240303	31.082055436240303	43.74940090179443	45.25159969329834	5.395611094103919	1	5:16666691-16711191
5	41731728	41794065	ENST00000510634	378	-	41731728	41794065	0	5	42,102,81,90,63	0,7661,17798,30382,62274	ENST00000510634	62337	6	-	OXCT1	0	41794059	32.49799919128418	32.49799919128418	32.49799919128418		5.4058332443237305	1	5:41731728-41794059
5	131954233	131994234	ENST00000650697	2172	-	131954233	131994234	0	21	138,72,102,144,117,89,73,96,135,135,78,74,52,33,179,100,102,65,115,69,204	0,5302,6286,8301,12182,13706,15894,17316,18490,19032,20524,22414,31173,32588,33814,34571,35173,35866,36619,37511,39797	ENST00000650697	40001	9	-	ACSL6	0	131994225	10.784666538238525	10.784666538238525	10.784666538238525		6.150555531183879	1	5:131954233-131994225
5	131976231	131994234	ENST00000650912	828	-	131976231	131994234	0	10	9,74,52,33,179,100,102,65,115,99	0,416,9175,10590,11816,12573,13175,13868,14621,17904	ENST00000650912	18003	9	-	ACSL6	0	131994225	10.784666538238525	10.784666538238525	10.784666538238525		6.150555531183879	1	5:131976231-131994225
5	131954233	131994234	ENST00000431707	2043	-	131954233	131994234	0	21	138,72,102,144,117,89,73,96,135,135,78,74,52,33,179,45,100,102,65,115,99	0,5302,6286,8301,12182,13706,15894,17316,18490,19032,20659,22414,31173,32588,33814,34322,34571,35173,35866,36619,39902	ENST00000431707	40001	9	-	ACSL6	0	131994225	10.784666538238525	10.784666538238525	10.784666538238525		6.150555531183879	1	5:131954233-131994225
5	138556036	138573813	ENST00000677066	1863	-	138556036	138573813	0	15	78,141,93,95,118,105,228,210,93,163,107,74,125,182,51	0,415,737,1365,1832,2516,3827,5543,10589,10964,11418,11612,12888,14923,17726	ENST00000677066	17777	30	-	HSPA9	0	138573783	17.040199869871138	17.040199869871138	19.789199542999267	17.040199869871138	6.718266727899512	1	5:138556036-138573783
6	2766126	2785282	ENST00000380769	1494	+	2766126	2785282	0	7	318,192,242,230,156,80,276	0,2564,3993,13136,17279,18197,18880	ENST00000380769	19156	156	+	WRNIP1	0	2766282	12.27319229279573	12.27319229279573	8.115600025653839	21.932799911499025	2.6184359076611985	1	6:2766126-2766282
6	13053372	13287078	ENST00000676234	1485	+	13053372	13287078	0	11	157,81,168,322,248,157,56,62,141,77,16	0,106831,129146,152442,174443,176664,219487,224895,230049,232773,233690	ENST00000676234	233706	18	+	PHACTR1	0	13053390	23.40383307139079	23.40383307139079	14.334199905395508		7.099055621359083	1	6:13053372-13053390
6	13053372	13287078	ENST00000687600	1692	+	13053372	13287078	0	12	157,81,168,207,322,248,157,56,62,141,77,16	0,106831,129146,131426,152442,174443,176664,219487,224895,230049,232773,233690	ENST00000687600	233706	18	+	PHACTR1	0	13053390	23.40383307139079	23.40383307139079	14.334199905395508		7.099055621359083	1	6:13053372-13053390
6	30068661	30069306	ENST00000376773	240	+	30068661	30069306	0	2	37,203	0,442	ENST00000376773	645	15	+	PPP1R11	0	30068676	28.44480037689209	28.44480037689209	28.44480037689209		6.914733307560285	1	6:30068661-30068676
6	30068661	30069306	ENST00000376769	240	+	30068661	30069306	0	2	37,203	0,442	ENST00000376769	645	15	+	PPP1R11	0	30068676	28.44480037689209	28.44480037689209	28.44480037689209		6.914733307560285	1	6:30068661-30068676
6	30068661	30069306	ENST00000376765	240	+	30068661	30069306	0	2	37,203	0,442	ENST00000376765	645	15	+	PPP1R11	0	30068676	28.44480037689209	28.44480037689209	28.44480037689209		6.914733307560285	1	6:30068661-30068676
6	30068661	30069306	ENST00000376763	240	+	30068661	30069306	0	2	37,203	0,442	ENST00000376763	645	15	+	PPP1R11	0	30068676	28.44480037689209	28.44480037689209	28.44480037689209		6.914733307560285	1	6:30068661-30068676
6	30068661	30069306	ENST00000376758	240	+	30068661	30069306	0	2	37,203	0,442	ENST00000376758	645	15	+	PPP1R11	0	30068676	28.44480037689209	28.44480037689209	28.44480037689209		6.914733307560285	1	6:30068661-30068676
6	125751816	125759802	ENST00000368365	915	+	125751816	125759802	0	4	63,84,82,686	0,190,2648,7300	ENST00000368365	7986	39	+	HEY2	0	125751855	10.474769367621494	10.474769367621494	6.520600306987762	14.144600147008896	5.885435880758823	1	6:125751816-125751855
6	158071620	158096364	ENST00000367122	2532	+	158071620	158096364	0	13	174,159,157,118,219,79,169,174,135,113,109,179,747	0,2959,5005,6543,9488,9811,11808,12380,15234,17039,18218,21305,23997	ENST00000367122	24744	12	+	SYNJ2	0	158071632	28.242249965667725	28.242249965667725	28.242249965667725		6.440416626632214	1	6:158071620-158071632
6	7883143	7904704	ENST00000473453	1017	-	7883143	7904704	0	9	123,130,83,144,87,116,97,106,131	0,1215,2817,5561,6351,8477,11962,16432,21430	ENST00000473453	21561	42	-	TXNDC5	0	7904662	21.839500154767716	21.839500154767716	11.407000160217285	27.96760025024414	5.410404821236928	1	6:7883143-7904662
6	31545407	31546195	ENST00000483251	261	-	31545407	31546195	0	2	174,87	0,701	ENST00000483251	788	27	-	ATP6V1G2	0	31546168	23.040999942355686	23.040999942355686	26.181799697875977		5.675333297087087	1	6:31545407-31546168
6	36742267	36756298	ENST00000393189	927	-	36742267	36756298	0	9	219,74,58,103,128,182,47,62,54	0,1421,2000,2780,3120,4128,5953,10766,13977	ENST00000393189	14031	21	-	CPNE5	0	36756277	22.135428837367467	22.135428837367467	25.982400512695314		5.369904783510027	1	6:36742267-36756277
6	44254705	44256868	ENST00000615337	1278	-	44254705	44256868	0	3	939,155,184	0,1636,1979	ENST00000615337	2163	126	-	SLC35B2	0	44256742	15.740523837861561	15.740523837861561	21.400800132751463	22.977999782562257	4.089738080913704	1	6:44254705-44256742
6	46550365	46637956	ENST00000619708	900	-	46550365	46637956	0	9	72,88,89,96,134,91,108,94,128	0,3401,36711,37668,45621,75052,80597,86023,87463	ENST00000619708	87591	6	-	CYP39A1	0	46637950	11.127999782562256	11.127999782562256	11.127999782562256		2.3658333669106164	1	6:46550365-46637950
6	83169233	83188780	ENST00000698610	1407	-	83169233	83188780	0	11	90,174,123,114,99,84,158,196,134,68,167	0,1071,2703,5140,6728,9439,10576,12502,13611,17774,19380	ENST00000698610	19547	21	-	PGM3	0	83188759	20.185714517320907	20.185714517320907	20.5314001083374		5.318571459679377	1	6:83169233-83188759
6	111559404	111566554	ENST00000368735	333	-	111559404	111566554	0	3	147,75,111	0,3560,7039	ENST00000368735	7150	3	-	TRAF3IP2	0	111566551	13.307000160217285	13.307000160217285	13.307000160217285		7.050333182017009	1	6:111559404-111566551
6	111559404	111566554	ENST00000368734	333	-	111559404	111566554	0	3	147,75,111	0,3560,7039	ENST00000368734	7150	3	-	TRAF3IP2	0	111566551	13.307000160217285	13.307000160217285	13.307000160217285		7.050333182017009	1	6:111559404-111566551
6	132770269	132797056	ENST00000650278	1263	-	132770269	132797056	0	13	67,50,94,75,96,92,102,137,157,148,74,96,75	0,620,766,1862,2723,3952,6058,8998,13663,17164,19494,19907,26712	ENST00000650278	26787	33	-	SLC18B1	0	132797023	20.893000169233844	20.893000169233844	8.80620002746582	22.331100177764892	3.9707273035733537	1	6:132770269-132797023
6	132770950	132797056	ENST00000650298	1155	-	132770950	132797056	0	12	9,94,75,96,92,102,137,157,148,74,96,75	0,85,1181,2042,3271,5377,8317,12982,16483,18813,19226,26031	ENST00000650298	26106	33	-	SLC18B1	0	132797023	20.893000169233844	20.893000169233844	8.80620002746582	22.331100177764892	3.9707273035733537	1	6:132770950-132797023
7	18496266	18996062	ENST00000401921	3114	+	18496266	18996062	0	24	58,242,151,127,122,116,123,214,218,264,178,134,121,50,108,56,88,120,98,119,134,85,148,40	0,89014,94069,95249,97641,138360,148404,151518,152199,169946,231313,252738,265890,270839,297078,332894,333194,339200,339633,378211,439542,457879,479539,499756	ENST00000401921	499796	36	+	HDAC9	0	18496302	13.03991667429606	13.03991667429606	22.6217999458313	15.643099975585937	7.563916665812333	1	7:18496266-18496302
7	5527747	5529397	ENST00000473257	1002	-	5527747	5529397	0	4	144,182,439,237	0,256,533,1413	ENST00000473257	1650	3	-	ACTB	0	5529394	28.18899917602539	28.18899917602539	28.18899917602539		4.077999989191691	1	7:5527747-5529394
7	5997385	6002580	ENST00000699819	285	-	5997385	6002580	0	3	38,119,128	0,1722,5067	ENST00000699819	5195	9	-	PMS2	0	6002571	12.240333371692234	12.240333371692234	12.240333371692234		6.545666535695394	1	7:5997385-6002571
7	5973398	6002587	ENST00000699761	2187	-	5973398	6002587	0	11	144,170,101,168,862,156,85,100,98,168,135	0,4189,5197,9425,13360,16401,18574,22135,23927,25709,29054	ENST00000699761	29189	3	-	PMS2	0	6002584	22.861000061035156	22.861000061035156	22.861000061035156		4.105666533112526	1	7:5973398-6002584
7	5973398	6002587	ENST00000699823	2187	-	5973398	6002587	0	11	144,170,101,168,862,156,85,100,98,168,135	0,4189,5197,9425,13360,16401,18574,22135,23927,25709,29054	ENST00000699823	29189	3	-	PMS2	0	6002584	22.861000061035156	22.861000061035156	22.861000061035156		4.105666533112526	1	7:5973398-6002584
7	6000903	6002587	ENST00000699829	222	-	6000903	6002587	0	2	87,135	0,1549	ENST00000699829	1684	3	-	PMS2	0	6002584	22.861000061035156	22.861000061035156	22.861000061035156		4.105666533112526	1	7:6000903-6002584
7	21902321	21916882	ENST00000356195	1329	-	21902321	21916882	0	9	31,137,150,126,168,72,378,138,129	0,656,1788,3184,3967,4246,5808,9295,14432	ENST00000356195	14561	66	-	CDCA7L	0	21916816	13.007772608236833	13.007772608236833	-3.6049999713897707	22.17249975204468	5.5131060478249285	1	7:21902321-21916816
7	75418795	75441550	ENST00000615331	3018	-	75418795	75441550	0	12	98,123,1695,177,103,122,74,92,172,81,162,119	0,524,2713,5253,5730,6278,6839,7566,18719,20348,22158,22636	ENST00000615331	22755	54	-	POM121C	0	75441496	19.521499945057762	19.521499945057762	30.52839946746826	31.408899974822997	4.447722196303032	1	7:75418795-75441496
7	76610212	76626118	ENST00000275569	402	-	76610212	76626118	0	4	3,118,162,119	0,7970,15309,15787	ENST00000275569	15906	54	-	POMZP3	0	76626064	NaN	NaN	NaN	NaN	3.102185194760009	1	7:76610212-76626064
7	76611464	76626118	ENST00000310842	618	-	76611464	76626118	0	5	127,92,118,162,119	0,257,6718,14057,14535	ENST00000310842	14654	54	-	POMZP3	0	76626064	NaN	NaN	NaN	NaN	3.102185194760009	1	7:76611464-76626064
7	76611812	76626118	ENST00000424818	519	-	76611812	76626118	0	5	1,118,119,162,119	0,6370,6684,13709,14187	ENST00000424818	14306	54	-	POMZP3	0	76626064	NaN	NaN	NaN	NaN	3.102185194760009	1	7:76611812-76626064
7	101315133	101316520	ENST00000621899	330	-	101315133	101316520	0	2	149,181	0,1206	ENST00000621899	1387	3	-	IFT22	0	101316517	12.407999992370605	12.407999992370605	12.407999992370605		5.87366662422816	1	7:101315133-101316517
7	101315133	101316520	ENST00000498704	330	-	101315133	101316520	0	2	149,181	0,1206	ENST00000498704	1387	3	-	IFT22	0	101316517	12.407999992370605	12.407999992370605	12.407999992370605		5.87366662422816	1	7:101315133-101316517
7	135166610	135167788	ENST00000424142	318	-	135166610	135167788	0	2	261,57	0,1121	ENST00000424142	1178	9	-	CYREN	0	135167779	10.32633352279663	10.32633352279663	10.32633352279663		5.930222193400065	1	7:135166610-135167779
7	135166610	135167788	ENST00000483029	318	-	135166610	135167788	0	2	261,57	0,1121	ENST00000483029	1178	9	-	CYREN	0	135167779	10.32633352279663	10.32633352279663	10.32633352279663		5.930222193400065	1	7:135166610-135167779
8	2090010	2144981	ENST00000523438	2751	+	2090010	2144981	0	23	181,175,122,188,127,179,115,157,107,45,137,145,60,68,114,88,39,106,164,37,23,56,318	0,2335,3959,6236,8846,10865,12656,16231,16480,18775,19384,25949,26205,27874,33241,33544,34168,39116,50712,51130,52364,53390,54653	ENST00000523438	54971	78	+	MYOM2	0	2090088	39.90530758637648	39.90530758637648	30.628199768066406	53.94899959564209	2.884602553855914	1	8:2090010-2090088
8	26581980	26655706	ENST00000523027	1668	+	26581980	26655706	0	13	77,185,165,62,81,69,121,157,142,171,180,166,92	0,1818,42162,44636,45234,45891,52799,61458,61969,65649,70276,71251,73634	ENST00000523027	73726	57	+	DPYSL2	0	26582037	17.893842094822933	17.893842094822933	7.90019998550415	24.306099891662598	7.202175456834467	1	8:26581980-26582037
8	28097238	28189725	ENST00000521015	1605	+	28097238	28189725	0	14	80,139,71,64,69,155,162,127,194,91,66,228,82,77	0,2589,9474,10674,13131,15780,32263,35039,40459,58703,61329,62990,64758,92410	ENST00000521015	92487	3	+	ELP3	0	28097241	28.211000442504883	28.211000442504883	28.211000442504883		3.2193334102630615	1	8:28097238-28097241
8	28106721	28189725	ENST00000380353	1377	+	28106721	28189725	0	12	62,64,69,155,162,127,194,91,66,228,82,77	0,1191,3648,6297,22780,25556,30976,49220,51846,53507,55275,82927	ENST00000380353	83004	9	+	ELP3	0	28106730	11.052666385968527	11.052666385968527	11.052666385968527		6.977888902028401	1	8:28106721-28106730
8	28106732	28189725	ENST00000537665	1302	+	28106732	28189725	0	11	51,69,155,162,127,194,91,66,228,82,77	0,3637,6286,22769,25545,30965,49209,51835,53496,55264,82916	ENST00000537665	82993	15	+	ELP3	0	28106747	13.20886681874593	13.20886681874593	13.20886681874593		7.3342000365257265	1	8:28106732-28106747
8	39042037	39077257	ENST00000678863	399	+	39042037	39077257	0	4	80,93,196,30	0,12443,13539,35190	ENST00000678863	35220	3	+	ADAM9	0	39042040	14.110666910807291	14.110666910807291	14.110666910807291		4.139000018437703	1	8:39042037-39042040
8	42369849	42371657	ENST00000521492	234	+	42369849	42371657	0	2	139,95	0,1713	ENST00000521492	1808	69	+	POLB	0	42369918	16.397174005923063	16.397174005923063	12.52520011663437	20.745900249481203	6.677000017134824	1	8:42369849-42369918
8	18057533	18071323	ENST00000636691	996	-	18057533	18071323	0	12	90,57,124,132,82,55,145,46,75,79,87,24	0,1301,1807,2038,3843,4152,4745,5651,6923,9686,12258,13766	ENST00000636691	13790	3	-	ASAH1	0	18071320	44.69300079345703	44.69300079345703	44.69300079345703		3.230333387851715	1	8:18057533-18071320
8	18067073	18071323	ENST00000637872	336	-	18067073	18071323	0	3	225,87,24	0,2718,4226	ENST00000637872	4250	3	-	ASAH1	0	18071320	44.69300079345703	44.69300079345703	44.69300079345703		3.230333387851715	1	8:18067073-18071320
8	18067073	18071323	ENST00000636269	336	-	18067073	18071323	0	3	225,87,24	0,2718,4226	ENST00000636269	4250	3	-	ASAH1	0	18071320	44.69300079345703	44.69300079345703	44.69300079345703		3.230333387851715	1	8:18067073-18071320
8	108201884	108240073	ENST00000678937	1131	-	108201884	108240073	0	11	39,135,103,110,102,127,125,126,105,43,116	0,1098,1516,12722,14527,15449,26382,27185,33113,34276,38073	ENST00000678937	38189	72	-	EIF3E	0	108240001	13.920458440979322	13.920458440979322	13.451400184631348	20.09360008239746	6.017680532195502	1	8:108201884-108240001
8	108201884	108240073	ENST00000519030	1131	-	108201884	108240073	0	11	39,135,103,110,102,127,125,126,105,43,116	0,1098,1516,12722,14527,15449,26382,27185,33113,34276,38073	ENST00000519030	38189	72	-	EIF3E	0	108240001	13.920458440979322	13.920458440979322	13.451400184631348	20.09360008239746	6.017680532195502	1	8:108201884-108240001
8	108201884	108240073	ENST00000679198	1131	-	108201884	108240073	0	11	39,135,103,110,102,127,125,126,105,43,116	0,1098,1516,12722,14527,15449,26382,27185,33113,34276,38073	ENST00000679198	38189	72	-	EIF3E	0	108240001	13.920458440979322	13.920458440979322	13.451400184631348	20.09360008239746	6.017680532195502	1	8:108201884-108240001
8	108201884	108240073	ENST00000676663	1131	-	108201884	108240073	0	11	39,135,103,110,102,127,125,126,105,43,116	0,1098,1516,12722,14527,15449,26382,27185,33113,34276,38073	ENST00000676663	38189	72	-	EIF3E	0	108240001	13.920458440979322	13.920458440979322	13.451400184631348	20.09360008239746	6.017680532195502	1	8:108201884-108240001
8	108233624	108240073	ENST00000676548	312	-	108233624	108240073	0	4	48,105,43,116	0,1373,2536,6333	ENST00000676548	6449	72	-	EIF3E	0	108240001	13.920458440979322	13.920458440979322	13.451400184631348	20.09360008239746	6.017680532195502	1	8:108233624-108240001
8	123321133	123347311	ENST00000521903	2181	-	123321133	123347311	0	13	42,129,134,390,144,123,160,197,136,186,187,133,220	0,1804,4759,7056,12744,13066,15239,16491,18177,23750,24952,25484,25958	ENST00000521903	26178	54	-	ATAD2	0	123347257	22.986721750762726	22.986721750762726	25.98399943113327	22.61459955573082	5.100555566613804	1	8:123321133-123347257
9	710862	745235	ENST00000690372	3963	+	710862	745235	0	10	2602,198,109,240,88,220,143,201,99,63	0,19188,20295,21515,23885,27422,29929,31342,33628,34310	ENST00000690372	34373	378	+	KANK1	0	711240	17.911452377658513	17.911452377658513	20.50340042114258	36.78929986953735	3.9508703686247664	1	9:710862-711240
9	99128901	99149305	ENST00000698941	1380	+	99128901	99149305	0	8	199,243,231,168,157,125,131,126	0,3595,8957,13634,15830,17583,18752,20278	ENST00000698941	20404	63	+	TGFBR1	0	99128964	14.18219026639348	14.18219026639348	20.621799659729003	17.293499803543092	6.157380915468647	1	9:99128901-99128964
9	127804290	127813604	ENST00000373225	1620	+	127804290	127813604	0	14	123,54,65,115,78,62,103,78,148,90,151,76,67,410	0,208,345,2682,2918,3130,3295,3943,4267,4509,5393,5740,6654,8904	ENST00000373225	9314	6	+	FPGS	0	127804296	29.452500343322754	29.452500343322754	29.452500343322754		5.256666739781697	1	9:127804290-127804296
9	116425589	116651782	ENST00000341734	1215	-	116425589	116651782	0	8	37,213,184,101,142,149,134,255	0,286,15019,16863,61769,192734,194720,225938	ENST00000341734	226193	27	-	ASTN2	0	116651755	13.325777795579699	13.325777795579699	15.298400020599365		6.17737035839646	1	9:116425589-116651755
9	116613531	116651782	ENST00000358637	612	-	116613531	116651782	0	4	74,149,134,255	0,4792,6778,37996	ENST00000358637	38251	27	-	ASTN2	0	116651755	13.325777795579699	13.325777795579699	15.298400020599365		6.17737035839646	1	9:116613531-116651755
X	48479098	48483018	ENST00000396894	594	+	48479098	48483018	0	7	18,54,103,84,104,198,33	0,2190,2327,2533,3304,3498,3887	ENST00000396894	3920	15	+	FTSJ1	0	48479113	21.14380025068919	21.14380025068919	21.14380025068919		5.480800008773803	1	X:48479098-48479113
X	119574543	119583255	ENST00000696534	627	+	119574543	119583255	0	6	212,81,26,90,89,129	0,357,831,6963,8044,8583	ENST00000696534	8712	168	+	UBE2A	0	119574711	14.967499902205807	14.967499902205807	12.5503999710083	38.520199346542356	2.2610892790156263	1	X:119574543-119574711
X	119574543	119583255	ENST00000346330	618	+	119574543	119583255	0	6	212,81,26,90,80,129	0,357,831,6963,8053,8583	ENST00000346330	8712	168	+	UBE2A	0	119574711	14.967499902205807	14.967499902205807	12.5503999710083	38.520199346542356	2.2610892790156263	1	X:119574543-119574711
X	136206423	136210025	ENST00000629039	852	+	136206423	136210025	0	5	165,175,170,187,155	0,592,1368,2031,3447	ENST00000629039	3602	9	+	FHL1	0	136206432	15.27566639582316	15.27566639582316	15.27566639582316		6.5955555737018585	1	X:136206423-136206432
X	136206423	136210025	ENST00000651929	852	+	136206423	136210025	0	5	165,175,170,187,155	0,592,1368,2031,3447	ENST00000651929	3602	9	+	FHL1	0	136206432	15.27566639582316	15.27566639582316	15.27566639582316		6.5955555737018585	1	X:136206423-136206432
X	136206423	136209425	ENST00000652457	783	+	136206423	136209425	0	5	165,175,170,187,86	0,592,1368,2031,2916	ENST00000652457	3002	9	+	FHL1	0	136206432	15.27566639582316	15.27566639582316	15.27566639582316		6.5955555737018585	1	X:136206423-136206432
X	136206423	136209954	ENST00000394155	981	+	136206423	136209954	0	6	165,175,170,187,200,84	0,592,1368,2031,2819,3447	ENST00000394155	3531	9	+	FHL1	0	136206432	15.27566639582316	15.27566639582316	15.27566639582316		6.5955555737018585	1	X:136206423-136206432
X	136206423	136209954	ENST00000618438	594	+	136206423	136209954	0	4	165,175,170,84	0,592,1368,3447	ENST00000618438	3531	9	+	FHL1	0	136206432	15.27566639582316	15.27566639582316	15.27566639582316		6.5955555737018585	1	X:136206423-136206432
X	136206423	136209954	ENST00000651089	981	+	136206423	136209954	0	6	165,175,170,187,200,84	0,592,1368,2031,2819,3447	ENST00000651089	3531	9	+	FHL1	0	136206432	15.27566639582316	15.27566639582316	15.27566639582316		6.5955555737018585	1	X:136206423-136206432
X	136206423	136210025	ENST00000630084	852	+	136206423	136210025	0	5	165,175,170,187,155	0,592,1368,2031,3447	ENST00000630084	3602	9	+	FHL1	0	136206432	15.27566639582316	15.27566639582316	15.27566639582316		6.5955555737018585	1	X:136206423-136206432
X	136206423	136210025	ENST00000628919	852	+	136206423	136210025	0	5	165,175,170,187,155	0,592,1368,2031,3447	ENST00000628919	3602	9	+	FHL1	0	136206432	15.27566639582316	15.27566639582316	15.27566639582316		6.5955555737018585	1	X:136206423-136206432
X	136206423	136210025	ENST00000535737	852	+	136206423	136210025	0	5	165,175,170,187,155	0,592,1368,2031,3447	ENST00000535737	3602	9	+	FHL1	0	136206432	15.27566639582316	15.27566639582316	15.27566639582316		6.5955555737018585	1	X:136206423-136206432
X	136206423	136210025	ENST00000543669	852	+	136206423	136210025	0	5	165,175,170,187,155	0,592,1368,2031,3447	ENST00000543669	3602	9	+	FHL1	0	136206432	15.27566639582316	15.27566639582316	15.27566639582316		6.5955555737018585	1	X:136206423-136206432
X	136206423	136210025	ENST00000394153	852	+	136206423	136210025	0	5	165,175,170,187,155	0,592,1368,2031,3447	ENST00000394153	3602	9	+	FHL1	0	136206432	15.27566639582316	15.27566639582316	15.27566639582316		6.5955555737018585	1	X:136206423-136206432
X	112778566	112822439	ENST00000371962	2568	-	112778566	112822439	0	11	98,684,233,123,191,150,146,93,145,520,185	0,430,2319,3973,12025,13265,26380,31327,32682,36791,43688	ENST00000371962	43873	9	-	AMOT	0	112822430	10.726666450500488	10.726666450500488	10.726666450500488		5.164777722623613	1	X:112778566-112822430
